MM,YYYY,Date,HRS,MIN,Nest_Type,Nest_Disturbance,Y,X
1,2017,1/20/2017,,,Nest,Secure,-3.071946,126.567458
1,2017,1/21/2017,,,False_Crawls,Non_Nesting,-3.06922,126.616819
1,2017,1/22/2017,,,Nest,Predated,-3.071915,126.567566
1,2017,1/22/2017,,,Nest,Predated,-3.07237,126.554436
1,2017,1/22/2017,,,Nest,Predated,-3.072406,126.554967
1,2017,1/22/2017,,,Nest,Lost,-3.072024,126.565481
1,2017,1/22/2017,,,Nest,Lost,-3.072056,126.562823
1,2017,1/22/2017,,,False_Crawls,Non_Nesting,-3.069097,126.619488
1,2017,1/23/2017,,,Nest,Predated,-3.072393,126.553953
1,2017,1/23/2017,,,Nest,Predated,-3.07223,126.551894
1,2017,1/23/2017,,,Nest,Predated,-3.072192,126.548081
1,2017,1/23/2017,,,Nest,Lost,-3.072433,126.554173
1,2017,1/23/2017,,,Nest,Lost,-3.072339,126.553865
1,2017,1/23/2017,,,Nest,Lost,-3.072387,126.549769
1,2017,1/23/2017,,,Nest,Lost,-3.072005,126.564313
1,2017,1/23/2017,,,Nest,Lost,-3.072198,126.559683
1,2017,1/24/2017,,,Nest,Lost,-3.072382,126.55365
1,2017,1/25/2017,3,0,Nesting_Individu,Lost,-3.072187,126.551986
1,2017,1/26/2017,,,Nest,Lost,-3.071965,126.566001
1,2017,1/28/2017,,,Nest,Lost,-3.071985,126.564268
1,2017,1/29/2017,,,Nest,Lost,-3.072009,126.566735
1,2017,1/29/2017,,,Nest,Lost,-3.072454,126.553786
1,2017,1/29/2017,,,Nest,Lost,-3.07243,126.554357
1,2017,1/30/2017,,,Nest,Secure,-3.06563,126.606623
1,2017,1/30/2017,1,28,Nesting_Individu,Lost,-3.071998,126.565692
1,2017,1/30/2017,2,3,Nesting_Individu,Lost,-3.07246,126.553962
1,2017,1/31/2017,,,Nest,Lost,-3.070795,126.574655
1,2017,1/31/2017,,,Nest,Lost,-3.071964,126.56319
1,2017,1/31/2017,,,Nest,Lost,-3.0719,126.563361
1,2017,1/31/2017,,,Nest,Lost,-3.071127,126.572537
2,2017,2/1/2017,,,Nest,Secure,-3.071773,126.564237
2,2017,2/1/2017,,,Nest,Secure,-3.06901,126.618661
2,2017,2/1/2017,,,Nest,Secure,-3.072219,126.550815
2,2017,2/1/2017,,,Nest,Secure,-3.072364,126.550901
2,2017,2/1/2017,,,Nest,Lost,-3.072328,126.550931
2,2017,2/1/2017,,,Nest,Lost,-3.072341,126.551034
2,2017,2/1/2017,,,False_Crawls,Non_Nesting,-3.071957,126.567876
2,2017,2/1/2017,,,False_Crawls,Non_Nesting,-3.072316,126.551145
2,2017,2/1/2017,,,False_Crawls,Non_Nesting,-3.071636,126.569537
2,2017,2/2/2017,,,Nest,Lost,-3.072143,126.548728
2,2017,2/2/2017,,,Nest,Lost,-3.072354,126.549636
2,2017,2/2/2017,3,0,False_Crawls,Non_Nesting,-3.068818,126.616929
2,2017,2/3/2017,,,False_Crawls,Non_Nesting,-3.072441,126.543069
2,2017,2/4/2017,4,7,False_Crawls,Non_Nesting,-3.072045,126.560857
2,2017,2/5/2017,,,Nest,Secure,-3.072326,126.550854
2,2017,2/5/2017,,,Nest,Secure,-3.072386,126.553609
2,2017,2/6/2017,,,Nest,Secure,-3.072308,126.553272
2,2017,2/6/2017,,,False_Crawls,Non_Nesting,-3.072288,126.548379
2,2017,2/7/2017,,,Nest,Lost,-3.071828,126.5638
2,2017,2/7/2017,,,Nest,Lost,-3.072442,126.541115
2,2017,2/9/2017,,,Nest,Secure,-3.068086,126.611613
2,2017,2/10/2017,,,Nest,Lost,-3.071101,126.571968
2,2017,2/13/2017,,,Nest,Secure,-3.069126,126.61903
2,2017,2/13/2017,,,Nest,Lost,-3.07198,126.565092
2,2017,2/13/2017,,,Nest,Lost,-3.072028,126.562256
2,2017,2/13/2017,,,Nest,Lost,-3.071954,126.565465
2,2017,2/17/2017,,,Nest,Secure,-3.069526,126.621902
2,2017,2/17/2017,,,Nest,Lost,-3.071969,126.565008
2,2017,2/19/2017,,,Nest,Lost,-3.07198,126.563074
2,2017,2/20/2017,,,Nest,Predated,-3.07235,126.55362
2,2017,2/21/2017,,,Nest,Predated,-3.072439,126.553571
2,2017,2/22/2017,,,False_Crawls,Non_Nesting,-3.072325,126.553408
2,2017,2/24/2017,,,Nest,Predated,-3.068742,126.614495
2,2017,2/24/2017,,,Nest,Predated,-3.072417,126.545092
2,2017,2/25/2017,,,Nest,Secure,-3.068485,126.61328
2,2017,2/25/2017,,,False_Crawls,Non_Nesting,-3.072045,126.561786
2,2017,2/26/2017,,,Nest,Predated,-3.072521,126.544993
2,2017,2/26/2017,,,Nest,Lost,-3.072015,126.562068
2,2017,2/26/2017,,,Nest,Lost,-3.072361,126.547077
2,2017,2/27/2017,,,Nest,Lost,-3.069871,126.581723
2,2017,2/27/2017,,,Nest,Lost,-3.072042,126.560226
3,2017,3/1/2017,,,Nest,Lost,-3.069117,126.618771
3,2017,3/3/2017,,,Nest,Predated,-3.072402,126.553883
3,2017,3/3/2017,,,Nest,Lost,-3.072267,126.557442
3,2017,3/4/2017,,,Nest,Secure,-3.068218,126.612032
3,2017,3/4/2017,,,Nest,Secure,-3.068218,126.612032
3,2017,3/6/2017,14,50,Nest,Lost,-3.068163,126.612045
3,2017,3/7/2017,,,Nest,Secure,-3.071928,126.56274
3,2017,3/15/2017,,,False_Crawls,Non_Nesting,-3.070364,126.576754
3,2017,3/16/2017,,,Nest,Lost,-3.072255,126.548584
3,2017,3/20/2017,,,Nest,Predated,-3.072461,126.543184
3,2017,3/20/2017,,,Nest,Predated,-3.072525,126.543239
3,2017,3/21/2017,,,Nest,Secure,-3.071993,126.566535
3,2017,3/21/2017,,,Nest,Predated,-3.072254,126.553623
3,2017,3/21/2017,,,Nest,Predated,-3.072335,126.553764
3,2017,3/23/2017,,,False_Crawls,Non_Nesting,-3.072274,126.541394
3,2017,3/25/2017,,,Nest,Lost,-3.072273,126.548388
4,2017,4/1/2017,,,Nest,Lost,-3.071908,126.561722
4,2017,4/4/2017,,,Nest,Lost,-3.072394,126.546359
4,2017,4/10/2017,,,Nest,Lost,-3.071938,126.565343
4,2017,4/10/2017,,,Nest,Lost,-3.07247,126.543401
4,2017,4/21/2017,,,Nest,Lost,-3.071925,126.565451
4,2017,4/21/2017,,,Nest,Lost,-3.071257,126.571839
4,2017,4/24/2017,,,Nest,Secure,-3.069232,126.621751
5,2017,5/1/2017,,,Nest,Secure,-3.071943,126.566005
5,2017,5/3/2017,,,False_Crawls,Non_Nesting,-3.069893,126.626427
5,2017,5/4/2017,1,35,Nesting_Individu,Lost,-3.072021,126.565966
5,2017,5/4/2017,,,Nest,Lost,-3.071202,126.571444
5,2017,5/5/2017,2,11,Nesting_Individu,Secure,-3.072203,126.560033
5,2017,5/5/2017,2,48,Nesting_Individu,Secure,-3.072046,126.566713
5,2017,5/5/2017,,,Nest,Lost,-3.072018,126.562603
5,2017,5/6/2017,,,Nest,Secure,-3.065791,126.606588
5,2017,5/13/2017,,,Nest,Lost,-3.07199,126.566102
5,2017,5/14/2017,1,5,Nesting_Individu,Lost,-3.072014,126.564739
5,2017,5/14/2017,,,Nest,Lost,-3.069424,126.623774
5,2017,5/14/2017,,,Nest,Lost,-3.071104,126.572142
5,2017,5/20/2017,,,Nest,Lost,-3.071316,126.570925
5,2017,5/21/2017,,,Nest,Secure,-3.06966,126.623564
5,2017,5/21/2017,,,False_Crawls,Non_Nesting,-3.071941,126.56843
5,2017,5/22/2017,2,0,Nesting_Individu,Lost,-3.070851,126.573284
5,2017,5/22/2017,,,Nest,Lost,-3.070646,126.574922
5,2017,5/22/2017,3,42,False_Crawls,Non_Nesting,-3.071677,126.569907
5,2017,5/24/2017,,,Nest,Secure,-3.07189,126.564067
5,2017,5/24/2017,,,Nest,Secure,-3.069032,126.619297
5,2017,5/25/2017,,,Nest,Secure,-3.069062,126.619662
5,2017,5/25/2017,,,False_Crawls,Non_Nesting,-3.071395,126.571173
5,2017,5/26/2017,,,Nest,Secure,-3.069426,126.622842
5,2017,5/27/2017,,,Nest,Secure,-3.06907,126.617391
5,2017,5/29/2017,,,Nest,Secure,-3.072315,126.54408
5,2017,5/29/2017,,,False_Crawls,Non_Nesting,-3.070788,126.574048
5,2017,5/30/2017,3,13,Nesting_Individu,Secure,-3.071921,126.56456
5,2017,5/30/2017,,,Nest,Lost,-3.072421,126.545698
6,2017,6/1/2017,,,Nest,Lost,-3.072466,126.554989
6,2017,6/2/2017,,,Nest,Secure,-3.072466,126.555026
6,2017,6/2/2017,22,48,Nesting_Individu,Secure,-3.069283,126.621763
6,2017,6/3/2017,,,Nest,Lost,-3.072424,126.555146
6,2017,6/4/2017,,,Nest,Lost,-3.072114,126.548828
6,2017,6/6/2017,,,Nest,Lost,-3.072164,126.549033
6,2017,6/6/2017,,,Nest,Lost,-3.070925,126.573574
6,2017,6/8/2017,,,Nest,Lost,-3.069108,126.587338
6,2017,6/8/2017,,,Nest,Lost,-3.068612,126.588438
6,2017,6/8/2017,,,Nest,Lost,-3.069748,126.584367
6,2017,6/9/2017,,,False_Crawls,Non_Nesting,-3.072394,126.541874
6,2017,6/10/2017,,,Nest,Lost,-3.071909,126.565462
6,2017,6/10/2017,,,Nest,Lost,-3.071898,126.565335
6,2017,6/11/2017,,,Nest,Lost,-3.072035,126.565553
6,2017,6/11/2017,,,Nest,Lost,-3.071989,126.563113
6,2017,6/11/2017,,,Nest,Lost,-3.071911,126.565337
6,2017,6/17/2017,,,Nest,Lost,-3.071899,126.564633
6,2017,6/17/2017,,,False_Crawls,Non_Nesting,-3.070108,126.627385
6,2017,6/18/2017,,,Nest,Lost,-3.065721,126.606677
6,2017,6/18/2017,,,Nest,Lost,-3.071858,126.565506
6,2017,6/19/2017,23,40,Nesting_Individu,Secure,-3.069692,126.621008
6,2017,6/21/2017,,,Nest,Secure,-3.072003,126.56403
6,2017,6/21/2017,,,False_Crawls,Non_Nesting,-3.072011,126.566819
6,2017,6/23/2017,,,Nest,Secure,-3.072061,126.56541
6,2017,6/24/2017,,,Nest,Lost,-3.069182,126.618586
6,2017,6/26/2017,,,Nest,Lost,-3.071964,126.567778
6,2017,6/27/2017,,,Nest,Lost,-3.071184,126.571407
6,2017,6/28/2017,,,Nest,Secure,-3.069182,126.61887
6,2017,6/28/2017,,,False_Crawls,Non_Nesting,-3.071137,126.571359
6,2017,6/29/2017,,,Nest,Lost,-3.071983,126.560962
6,2017,6/29/2017,,,Nest,Lost,-3.071854,126.564632
6,2017,6/30/2017,21,36,Nesting_Individu,Secure,-3.068187,126.611567
7,2017,7/5/2017,,,Nest,Lost,-3.069953,126.625976
7,2017,7/5/2017,,,False_Crawls,Non_Nesting,-3.071923,126.562851
7,2017,7/6/2017,,,Nest,Lost,-3.072002,126.562083
7,2017,7/7/2017,,,Nest,Secure,-3.071311,126.571321
7,2017,7/7/2017,,,False_Crawls,Non_Nesting,-3.071234,126.571267
7,2017,7/8/2017,,,Nest,Lost,-3.072282,126.553359
7,2017,7/8/2017,,,Nest,Lost,-3.071243,126.571894
7,2017,7/8/2017,,,Nest,Lost,-3.072284,126.551452
7,2017,7/8/2017,23,18,False_Crawls,Non_Nesting,-3.071356,126.570888
7,2017,7/9/2017,,,Nest,Lost,-3.071997,126.561445
7,2017,7/9/2017,,,False_Crawls,Non_Nesting,-3.071322,126.570495
7,2017,7/9/2017,,,False_Crawls,Non_Nesting,-3.070769,126.574171
7,2017,7/10/2017,,,Nest,Secure,-3.072331,126.552822
7,2017,7/10/2017,,,Nest,Lost,-3.072242,126.553378
7,2017,7/11/2017,,,Nest,Secure,-3.069192,126.587284
7,2017,7/11/2017,,,Nest,Secure,-3.068474,126.589167
7,2017,7/11/2017,,,Nest,Lost,-3.06839,126.589884
7,2017,7/11/2017,,,Nest,Lost,-3.06887,126.587835
7,2017,7/13/2017,,,Nest,Lost,-3.072036,126.56124
7,2017,7/14/2017,,,Nest,Lost,-3.069815,126.623256
7,2017,7/19/2017,,,Nest,Secure,-3.072009,126.566262
7,2017,7/19/2017,,,Nest,Lost,-3.071112,126.571576
7,2017,7/19/2017,,,Nest,Lost,-3.071023,126.572973
7,2017,7/19/2017,,,False_Crawls,Non_Nesting,-3.071939,126.568234
7,2017,7/19/2017,,,False_Crawls,Non_Nesting,-3.071437,126.570539
7,2017,7/19/2017,,,False_Crawls,Non_Nesting,-3.071824,126.568233
7,2017,7/20/2017,,,Nest,Lost,-3.07202,126.56425
7,2017,7/21/2017,,,Nest,Lost,-3.068978,126.617467
7,2017,7/24/2017,,,Nest,Lost,-3.067997,126.611763
7,2017,7/27/2017,,,Nest,Lost,-3.069754,126.584852
7,2017,7/30/2017,,,Nest,Lost,-3.071989,126.56313
8,2017,8/2/2017,,,Nest,Secure,-3.072257,126.558856
8,2017,8/3/2017,,,Nest,Secure,-3.068943,126.616919
8,2017,8/3/2017,,,False_Crawls,Non_Nesting,-3.071325,126.570543
8,2017,8/5/2017,,,Nest,Secure,-3.069455,126.620643
8,2017,8/8/2017,,,Nest,Secure,-3.069838,126.583629
8,2017,8/9/2017,3,0,Nesting_Individu,Lost,-3.072026,126.56634
8,2017,8/9/2017,1,25,False_Crawls,Non_Nesting,-3.070932,126.573279
8,2017,8/9/2017,,,False_Crawls,Non_Nesting,-3.071378,126.57055
8,2017,8/12/2017,,,Nest,Lost,-3.07104,126.572583
8,2017,8/13/2017,,,False_Crawls,Non_Nesting,-3.071324,126.571678
8,2017,8/14/2017,10,8,Nesting_Individu,Lost,-3.072488,126.554905
8,2017,8/17/2017,,,Nest,Secure,-3.06978,126.584475
8,2017,8/19/2017,,,False_Crawls,Non_Nesting,-3.071138,126.571526
8,2017,8/21/2017,,,Nest,Lost,-3.071878,126.56475
8,2017,8/22/2017,0,12,Nesting_Individu,Secure,-3.07194,126.566767
8,2017,8/25/2017,,,Nest,Secure,-3.069715,126.583772
8,2017,8/25/2017,,,False_Crawls,Non_Nesting,-3.071996,126.565941
9,2017,9/2/2017,,,Nest,Secure,-3.07115,126.571822
9,2017,9/2/2017,,,False_Crawls,Non_Nesting,-3.071963,126.562905
9,2017,9/2/2017,,,False_Crawls,Non_Nesting,-3.07142,126.570176
9,2017,9/2/2017,,,False_Crawls,Non_Nesting,-3.071588,126.56986
9,2017,9/3/2017,7,0,Nesting_Individu,Secure,-3.072001,126.565402
9,2017,9/10/2017,,,Nest,Secure,-3.072087,126.560542
9,2017,9/10/2017,,,Nest,Lost,-3.071938,126.564311
9,2017,9/15/2017,,,Nest,Secure,-3.071946,126.565948
9,2017,9/16/2017,,,False_Crawls,Non_Nesting,-3.071515,126.570532
9,2017,9/19/2017,,,Nest,Secure,-3.071922,126.563474
9,2017,9/19/2017,,,Nest,Secure,-3.071831,126.563751
9,2017,9/22/2017,21,45,Nesting_Individu,Lost,-3.071908,126.566081
9,2017,9/29/2017,,,Nest,Lost,-3.071998,126.564131
9,2017,9/30/2017,,,False_Crawls,Non_Nesting,-3.071695,126.570058
10,2017,10/2/2017,,,Nest,Lost,-3.071101,126.571968
10,2017,10/4/2017,,,Nest,Lost,-3.07247,126.543401
10,2017,10/6/2017,,,Nest,Lost,-3.071909,126.565462
10,2017,10/6/2017,,,Nest,Lost,-3.071898,126.565335
10,2017,10/16/2017,,,Nest,Lost,-3.071945,126.566784
10,2017,10/21/2017,,,Nest,Secure,-3.068894,126.616832
10,2017,10/23/2017,,,False_Crawls,Non_Nesting,-3.070128,126.62883
10,2017,10/29/2017,,,Nest,Secure,-3.07193,126.564686
11,2017,11/1/2017,,,False_Crawls,Non_Nesting,-3.072185,126.558426
11,2017,11/5/2017,,,Nest,Secure,-3.071988,126.565114
11,2017,11/7/2017,,,False_Crawls,Non_Nesting,-3.069989,126.579294
11,2017,11/15/2017,,,Nest,Lost,-3.071898,126.564185
11,2017,11/16/2017,,,Nest,Lost,-3.072029,126.562561
11,2017,11/17/2017,,,Nest,Secure,-3.06975,126.583471
11,2017,11/24/2017,,,Nest,Lost,-3.071919,126.564557
11,2017,11/25/2017,,,False_Crawls,Non_Nesting,-3.072029,126.561444
11,2017,11/26/2017,,,Nest,Secure,-3.071992,126.565936
11,2017,11/27/2017,,,False_Crawls,Non_Nesting,-3.072242,126.550435
11,2017,11/28/2017,,,Nest,Secure,-3.072268,126.548287
11,2017,11/30/2017,,,Nest,Secure,-3.071383,126.523867
12,2017,12/8/2017,,,Nest,Secure,-3.072469,126.543767
12,2017,12/9/2017,3,37,Nesting_Individu,Secure,-3.072354,126.553593
12,2017,12/9/2017,,,Nest,Secure,-3.071971,126.563337
12,2017,12/17/2017,,,Nest,Secure,-3.072361,126.553466
12,2017,12/17/2017,,,Nest,Secure,-3.072374,126.553598
12,2017,12/18/2017,,,Nest,Secure,-3.072566,126.54332
12,2017,12/18/2017,,,Nest,Secure,-3.072548,126.543309
12,2017,12/18/2017,,,False_Crawls,Non_Nesting,-3.069424,126.621779
12,2017,12/19/2017,,,Nest,Secure,-3.072233,126.558133
12,2017,12/23/2017,,,Nest,Lost,-3.071715,126.56949
12,2017,12/25/2017,,,Nest,Lost,-3.069571,126.623334
12,2017,12/26/2017,,,Nest,Secure,-3.072241,126.548833
12,2017,12/26/2017,,,False_Crawls,Non_Nesting,-3.072478,126.553823
12,2017,12/28/2017,,,Nest,Secure,-3.071912,126.56579
12,2017,12/28/2017,,,Nest,Secure,-3.065068,126.605113
1,2018,1/2/2018,,,Nest,Secure,-3.069185,126.618546
1,2018,1/2/2018,,,Nest,Secure,-3.069185,126.618546
1,2018,1/7/2018,,,Nest,Secure,-3.072485,126.546652
1,2018,1/7/2018,,,Nest,Secure,-3.072485,126.546652
1,2018,1/12/2018,,,Nest,Secure,-3.071956,126.566932
1,2018,1/13/2018,,,Nest,Lost,-3.071917,126.562515
1,2018,1/16/2018,,,Nest,Secure,-3.069529,126.622228
1,2018,1/22/2018,,,Nest,Secure,-3.072389,126.554573
1,2018,1/25/2018,,,False_Crawls,Non_Nesting,-3.072479,126.544201
3,2018,3/14/2018,,,Nest,Secure,-3.068627,126.588761
3,2018,3/24/2018,,,Nest,Secure,-3.071441,126.570726
5,2018,5/22/2018,,,False_Crawls,Non_Nesting,-3.070053,126.628059
5,2018,5/25/2018,,,Nest,Secure,-3.072171,126.558237
6,2018,6/1/2018,,,Nest,Secure,-3.068677,126.614743
6,2018,6/1/2018,23,30,Nesting_Individu,Secure,-3.068701,126.614777
6,2018,6/3/2018,3,25,Nesting_Individu,Secure,-3.069645,126.623427
6,2018,6/6/2018,,,Nest,Secure,-3.072087,126.560807
6,2018,6/10/2018,,,Nest,Secure,-3.069132,126.618297
6,2018,6/10/2018,,,Nest,Lost,-3.069585,126.622926
6,2018,6/15/2018,,,Nest,Secure,-3.067919,126.61141
6,2018,6/21/2018,,,Nest,Secure,-3.069121,126.587591
6,2018,6/21/2018,,,Nest,Secure,-3.069728,126.582455
6,2018,6/28/2018,,,Nest,Secure,-3.069555,126.622222
6,2018,6/29/2018,,,Nest,Secure,-3.065613,126.595394
6,2018,6/30/2018,,,Nest,Secure,-3.069766,126.584877
7,2018,7/12/2018,,,Nest,Secure,-3.072373,126.553229
7,2018,7/20/2018,,,Nest,Secure,-3.069851,126.626362
8,2018,8/2/2018,21,30,Nesting_Individu,Secure,-3.069165,126.619047
8,2018,8/1/2018,,,Nest,Secure,-3.070396,126.577756
8,2018,8/6/2018,,,Nest,Secure,-3.07193,126.566844
9,2018,9/1/2018,,,Nest,Secure,-3.069265,126.62018
10,2018,10/9/2018,,,Nest,Lost,-3.065208,126.605353
10,2018,10/10/2018,,,False_Crawls,Non_Nesting,-3.072537,126.54403
10,2018,10/10/2018,,,Nest,Secure,-3.071948,126.56491
10,2018,10/20/2018,,,Nest,Secure,-3.072026,126.561666
10,2018,10/26/2018,,,Nest,Secure,-3.071993,126.563013
10,2018,10/31/2018,,,False_Crawls,Non_Nesting,-3.072252,126.556419
11,2018,11/1/2018,,,Nest,Secure,-3.072531,126.543148
11,2018,11/2/2018,,,Nest,Lost,-3.071499,126.522684
11,2018,11/9/2018,20,15,Nesting_Individu,Secure,-3.072357,126.553583
11,2018,11/9/2018,,,False_Crawls,Non_Nesting,-3.072241,126.554084
11,2018,11/9/2018,1,35,Nesting_Individu,Secure,-3.07224,126.553805
11,2018,11/11/2018,4,0,Nesting_Individu,Secure,-3.071894,126.565161
11,2018,11/25/2018,,,Nest,Secure,-3.069183,126.617774
11,2018,11/28/2018,,,Nest,Secure,-3.069439,126.621215
12,2018,12/3/2018,,,Nest,Lost,-3.071894,126.567211
12,2018,12/5/2018,,,Nest,Secure,-3.069331,126.620145
12,2018,12/7/2018,,,Nest,Secure,-3.069087,126.618812
12,2018,12/7/2018,,,Nest,Secure,-3.069305,126.620623
12,2018,12/13/2018,,,Nest,Lost,-3.07196,126.563739
12,2018,12/14/2018,,,Nest,Secure,-3.071995,126.56222
12,2018,12/14/2018,,,Nest,Secure,-3.071964,126.565035
12,2018,12/17/2018,,,Nest,Secure,-3.072492,126.54527
12,2018,12/22/2018,,,Nest,Secure,-3.071947,126.56625
12,2018,12/29/2018,,,Nest,Lost,-3.071985,126.567188
1,2019,1/3/2019,,,Nest,Secure,-3.069734,126.582457
1,2019,1/3/2019,,,Nest,Secure,-3.069685,126.5844
1,2019,1/7/2019,,,Nest,Secure,-3.071875,126.564265
1,2019,1/10/2019,,,Nest,Lost,-3.071979,126.565256
1,2019,1/10/2019,,,Nest,Secure,-3.069596,126.620156
1,2019,1/17/2019,,,Nest,Secure,-3.07195,126.564823
1,2019,1/18/2019,,,Nest,Secure,-3.071935,126.564871
2,2019,2/3/2019,,,Nest,Secure,-3.06431,126.597804
2,2019,2/6/2019,,,False_Crawls,Non_Nesting,-3.072233,126.552968
2,2019,2/6/2019,,,False_Crawls,Non_Nesting,-3.072332,126.542937
2,2019,2/9/2019,,,Nest,Secure,-3.072344,126.553169
2,2019,2/10/2019,,,False_Crawls,Non_Nesting,-3.072303,126.542007
2,2019,2/10/2019,,,False_Crawls,Non_Nesting,-3.072527,126.543023
2,2019,2/11/2019,,,Nest,Lost,-3.070914,126.572851
2,2019,2/15/2019,,,Nest,Secure,-3.071382,126.519541
2,2019,2/16/2019,,,Nest,Secure,-3.071972,126.563031
3,2019,3/4/2019,,,Nest,Secure,-3.069079,126.618038
3,2019,3/4/2019,,,Nest,Secure,-3.07193,126.56509
3,2019,3/8/2019,,,Nest,Secure,-3.072316,126.547944
3,2019,3/18/2019,,,False_Crawls,Non_Nesting,-3.072464,126.54501
4,2019,4/7/2019,,,Nest,Secure,-3.072456,126.546796
4,2019,4/7/2019,,,Nest,Secure,-3.071954,126.566422
4,2019,4/9/2019,,,Nest,Secure,-3.071561,126.520519
4,2019,4/18/2019,23,27,Nesting_Individu,Secure,-3.071005,126.572047
4,2019,4/20/2019,1,5,Nesting_Individu,Secure,-3.071957,126.566554
4,2019,4/27/2019,,,Nest,Secure,-3.071974,126.567311
4,2019,4/29/2019,,,Nest,Secure,-3.072268,126.552118
4,2019,4/29/2019,,,Nest,Secure,-3.07191,126.563977
5,2019,5/6/2019,,,False_Crawls,Non_Nesting,-3.071867,126.567813
5,2019,5/7/2019,,,False_Crawls,Non_Nesting,-3.072251,126.555108
5,2019,5/7/2019,,,Nest,Secure,-3.071945,126.566469
5,2019,5/8/2019,,,Nest,Secure,-3.070717,126.574658
5,2019,5/9/2019,,,False_Crawls,Non_Nesting,-3.072309,126.545823
5,2019,5/9/2019,,,Nest,Secure,-3.070082,126.579044
5,2019,5/12/2019,,,Nest,Lost,-3.069561,126.622724
5,2019,5/15/2019,,,Nest,Secure,-3.069587,126.623453
5,2019,5/16/2019,,,Nest,Secure,-3.07174,126.569349
5,2019,5/20/2019,23,5,False_Crawls,Non_Nesting,-3.07235,126.544749
5,2019,5/20/2019,,,Nest,Secure,-3.069463,126.620067
5,2019,5/21/2019,,,False_Crawls,Non_Nesting,-3.071888,126.567764
5,2019,5/21/2019,,,Nest,Secure,-3.071876,126.568196
5,2019,5/22/2019,,,False_Crawls,Non_Nesting,-3.069292,126.586724
5,2019,5/22/2019,22,5,Nesting_Individu,Secure,-3.071511,126.570136
5,2019,5/23/2019,22,11,Nesting_Individu,Secure,-3.069145,126.617724
5,2019,5/25/2019,,,Nest,Secure,-3.069997,126.579804
5,2019,5/25/2019,,,Nest,Secure,-3.069094,126.616707
5,2019,5/26/2019,,,Nest,Secure,-3.072042,126.562774
6,2019,6/4/2019,,,Nest,Secure,-3.071877,126.564348
6,2019,6/5/2019,,,False_Crawls,Non_Nesting,-3.072238,126.551992
6,2019,6/5/2019,,,Nest,Secure,-3.067734,126.591111
6,2019,6/6/2019,,,Nest,Secure,-3.071932,126.564358
6,2019,6/7/2019,,,False_Crawls,Non_Nesting,-3.072454,126.547357
6,2019,6/10/2019,,,Nest,Secure,-3.071935,126.566736
6,2019,6/12/2019,,,Nest,Secure,-3.071605,126.570211
6,2019,6/12/2019,,,Nest,Secure,-3.071945,126.566841
6,2019,6/13/2019,,,Nest,Lost,-3.071901,126.562458
6,2019,6/15/2019,,,Nest,Lost,-3.071928,126.564891
6,2019,6/20/2019,1,30,False_Crawls,Non_Nesting,-3.072216,126.555628
6,2019,6/20/2019,23,2,Nesting_Individu,Secure,-3.068838,126.58813
7,2019,7/1/2019,,,Nest,Secure,,
7,2019,7/1/2019,,,Nest,Secure,,
7,2019,7/3/2019,23,49,Nesting_Individu,Secure,,
7,2019,7/3/2019,,,Nest,Secure,,
7,2019,7/4/2019,,,Nest,Secure,,
7,2019,7/6/2019,,,Nest,Secure,,
7,2019,7/7/2019,,,Nest,Secure,,
7,2019,7/9/2019,,,False_Crawls,Non_Nesting,,
7,2019,7/10/2019,,,Nest,Secure,,
7,2019,7/11/2019,,,Nest,Secure,,
7,2019,7/11/2019,,,False_Crawls,Non_Nesting,,
7,2019,7/12/2019,,,Nest,Secure,,
7,2019,7/12/2019,,,Nest,Secure,,
7,2019,7/13/2019,,,False_Crawls,Non_Nesting,,
7,2019,7/14/2019,,,Nest,Secure,,
7,2019,7/14/2019,,,Nest,Secure,,
7,2019,7/16/2019,,,False_Crawls,Non_Nesting,,
7,2019,7/16/2019,,,False_Crawls,Non_Nesting,,
7,2019,7/18/2019,,,Nest,Secure,,
7,2019,7/18/2019,,,Nest,Secure,,
7,2019,7/20/2019,,,Nest,Secure,,
7,2019,7/21/2019,,,Nest,Secure,,
7,2019,7/21/2019,,,Nest,Secure,,
7,2019,7/21/2019,,,Nest,Secure,,
7,2019,7/21/2019,,,Nest,Secure,,
7,2019,7/22/2019,,,Nest,Secure,,
7,2019,7/23/2019,,,Nest,Secure,,
7,2019,7/24/2019,,,Nest,Secure,,
7,2019,7/27/2019,,,False_Crawls,Non_Nesting,,
7,2019,7/27/2019,,,Nest,Secure,,
7,2019,7/27/2019,,,Nest,Secure,,
7,2019,7/28/2019,,,Nest,Secure,,
7,2019,7/30/2019,,,Nest,Secure,,
8,2019,8/1/2019,,,Nest,Secure,,
8,2019,8/1/2019,,,Nest,Secure,,
8,2019,8/2/2019,,,Nest,Secure,,
8,2019,8/3/2019,,,Nest,Secure,,
8,2019,8/3/2019,22,0,Nesting_Individu,Secure,,
8,2019,8/4/2019,23,31,Nesting_Individu,Secure,,
8,2019,8/4/2019,,,Nest,Secure,,
8,2019,8/5/2019,,,False_Crawls,Non_Nesting,,
8,2019,8/5/2019,,,False_Crawls,Non_Nesting,,
8,2019,8/5/2019,,,Nest,Secure,,
8,2019,8/6/2019,23,0,Nesting_Individu,Secure,,
8,2019,8/6/2019,0,14,Nesting_Individu,Secure,,
8,2019,8/6/2019,0,14,False_Crawls,Non_Nesting,,
8,2019,8/6/2019,,,Nest,Secure,,
8,2019,8/6/2019,,,False_Crawls,Non_Nesting,,
8,2019,8/6/2019,,,Nest,Secure,,
8,2019,8/6/2019,,,Nest,Secure,,
8,2019,8/6/2019,,,Nest,Secure,,
8,2019,8/7/2019,1,44,Nesting_Individu,Secure,,
8,2019,8/8/2019,,,Nest,Secure,,
8,2019,8/8/2019,,,Nesting_Individu,Secure,,
8,2019,8/10/2019,,,False_Crawls,Non_Nesting,,
8,2019,8/10/2019,0,50,Nesting_Individu,Secure,,
8,2019,8/12/2019,,,Nest,Secure,,
8,2019,8/12/2019,,,Nest,Secure,,
8,2019,8/12/2019,,,Nest,Secure,,
8,2019,8/12/2019,,,Nest,Secure,,
8,2019,8/13/2019,,,False_Crawls,Non_Nesting,,
8,2019,8/14/2019,,,False_Crawls,Non_Nesting,,
8,2019,8/14/2019,,,False_Crawls,Non_Nesting,,
8,2019,8/14/2019,,,False_Crawls,Non_Nesting,,
8,2019,8/14/2019,,,False_Crawls,Non_Nesting,,
8,2019,8/14/2019,,,False_Crawls,Non_Nesting,,
8,2019,8/14/2019,,,False_Crawls,Non_Nesting,,
8,2019,8/14/2019,,,Nest,Secure,,
8,2019,8/15/2019,,,Nest,Secure,,
8,2019,8/16/2019,,,False_Crawls,Non_Nesting,,
8,2019,8/16/2019,,,False_Crawls,Non_Nesting,,
8,2019,8/17/2019,,,False_Crawls,Non_Nesting,,
8,2019,8/18/2019,,,Nest,Secure,,
8,2019,8/18/2019,,,False_Crawls,Non_Nesting,,
8,2019,8/19/2019,,,Nest,Secure,,
8,2019,8/19/2019,,,False_Crawls,Non_Nesting,,
8,2019,8/21/2019,0,30,Nesting_Individu,Secure,,
8,2019,8/21/2019,6,30,Nesting_Individu,Secure,,
8,2019,8/21/2019,,,Nest,Secure,,
8,2019,8/22/2019,,,Nest,Secure,,
8,2019,8/24/2019,,,Nest,Secure,,
8,2019,8/24/2019,,,False_Crawls,Non_Nesting,,
8,2019,8/24/2019,,,False_Crawls,Non_Nesting,,
8,2019,8/25/2019,,,Nest,Secure,,
8,2019,8/25/2019,,,False_Crawls,Non_Nesting,,
8,2019,8/29/2019,,,False_Crawls,Non_Nesting,,
8,2019,8/30/2019,,,False_Crawls,Non_Nesting,,
8,2019,8/31/2019,2,51,Nesting_Individu,Secure,,
8,2019,8/31/2019,2,51,Nesting_Individu,Secure,,
8,2019,8/31/2019,,,Nest,Secure,,
8,2019,8/31/2019,,,False_Crawls,Non_Nesting,,
8,2019,8/31/2019,,,Nest,Secure,,
9,2019,9/2/2019,,,Nest,Secure,,
9,2019,9/2/2019,,,False_Crawls,Non_Nesting,,
9,2019,9/2/2019,,,False_Crawls,Non_Nesting,,
9,2019,9/2/2019,,,False_Crawls,Non_Nesting,,
9,2019,9/3/2019,,,Nest,Secure,,
9,2019,9/3/2019,,,Nest,Secure,,
9,2019,9/3/2019,,,False_Crawls,Non_Nesting,,
9,2019,9/3/2019,,,False_Crawls,Non_Nesting,,
9,2019,9/4/2019,,,Nest,Secure,,
9,2019,9/4/2019,,,Nest,Secure,,
9,2019,9/5/2019,,,Nest,Secure,,
9,2019,9/9/2019,,,Nest,Secure,,
9,2019,9/9/2019,,,False_Crawls,Non_Nesting,,
9,2019,9/10/2019,,,Nest,Secure,,
9,2019,9/10/2019,,,Nest,Secure,,
9,2019,9/10/2019,0,47,Nesting_Individu,Secure,,
9,2019,9/11/2019,,,Nest,Lost,,
9,2019,9/13/2019,,,Nest,Secure,,
9,2019,9/13/2019,,,Nest,Secure,,
9,2019,9/18/2019,,,Nest,Secure,,
9,2019,9/21/2019,,,Nest,Secure,,
9,2019,9/21/2019,,,Nest,Secure,,
9,2019,9/22/2019,,,Nest,Secure,,
9,2019,9/23/2019,,,Nest,Secure,,
9,2019,9/23/2019,,,Nest,Secure,,
9,2019,9/29/2019,,,Nest,Secure,,
9,2019,9/29/2019,,,Nest,Secure,,
9,2019,9/29/2019,,,False_Crawls,Non_Nesting,,
10,2019,10/1/2019,,,Nest,Secure,,
10,2019,10/2/2019,2,30,False_Crawls,Non_Nesting,,
10,2019,10/3/2019,,,Nest,Secure,,
10,2019,10/4/2019,21,0,Nesting_Individu,Secure,,
10,2019,10/4/2019,,,Nest,Secure,,
10,2019,10/5/2019,,,Nest,Secure,,
10,2019,10/8/2019,21,0,Nesting_Individu,Secure,,
10,2019,10/8/2019,,,False_Crawls,Non_Nesting,,
10,2019,10/9/2019,0,16,False_Crawls,Non_Nesting,,
10,2019,10/10/2019,,,Nest,Secure,,
10,2019,10/11/2019,,,Nest,Secure,,
10,2019,10/15/2019,,,False_Crawls,Non_Nesting,,
10,2019,10/18/2019,20,25,False_Crawls,Non_Nesting,,
10,2019,10/18/2019,20,52,False_Crawls,Non_Nesting,,
10,2019,10/18/2019,0,1,Nesting_Individu,Secure,,
10,2019,10/24/2019,,,False_Crawls,Non_Nesting,,
10,2019,10/24/2019,22,15,Nesting_Individu,Secure,,
10,2019,10/24/2019,,,Nest,Secure,,
10,2019,10/26/2019,,,Nest,Secure,,
10,2019,10/26/2019,,,Nest,Secure,,
11,2019,11/5/2019,,,Nest,Secure,,
11,2019,11/5/2019,2,3,Nesting_Individu,Secure,,
11,2019,11/6/2019,,,Nest,Secure,,
11,2019,11/8/2019,,,Nest,Secure,,
11,2019,11/10/2019,4,46,Nesting_Individu,Secure,,
11,2019,11/10/2019,,,Nest,Secure,,
11,2019,11/10/2019,,,Nest,Secure,,
11,2019,11/12/2019,,,Nest,Secure,,
11,2019,11/10/2019,4,5,Nesting_Individu,Secure,,
11,2019,11/13/2019,,,False_Crawls,Non_Nesting,,
11,2019,11/15/2019,,,Nest,Secure,,
11,2019,11/15/2019,,,Nest,Secure,,
11,2019,11/15/2019,,,False_Crawls,Non_Nesting,,
11,2019,11/16/2019,,,Nest,Secure,,
11,2019,11/16/2019,0,35,Nesting_Individu,Secure,,
11,2019,11/16/2019,2,30,Nesting_Individu,Secure,,
11,2019,11/23/2019,,,Nest,Secure,,
11,2019,11/23/2019,10,15,False_Crawls,Non_Nesting,,
11,2019,11/23/2019,,,Nest,Secure,,
11,2019,11/23/2019,1,44,Nesting_Individu,Secure,,
11,2019,11/26/2019,,,Nest,Secure,,
11,2019,11/26/2019,,,Nest,Secure,,
11,2019,11/26/2019,,,Nest,Secure,,
11,2019,11/27/2019,,,Nest,Secure,,
11,2019,11/27/2019,,,Nest,Secure,,
11,2019,11/27/2019,,,False_Crawls,Non_Nesting,,
11,2019,11/27/2019,,,Nest,Secure,,
11,2019,11/28/2019,,,Nest,Secure,,
12,2019,12/5/2019,,,Nest,Secure,,
12,2019,12/5/2019,,,Nest,Secure,,
12,2019,12/5/2019,,,Nest,Secure,,
12,2019,12/6/2019,,,False_Crawls,Non_Nesting,,
12,2019,12/6/2019,,,Nest,Secure,,
12,2019,12/6/2019,23,22,Nesting_Individu,Secure,,
12,2019,12/6/2019,,,Nest,Secure,,
12,2019,12/7/2019,1,42,Nesting_Individu,Secure,,
12,2019,12/7/2019,,,False_Crawls,Non_Nesting,,
12,2019,12/7/2019,,,False_Crawls,Non_Nesting,,
12,2019,12/8/2019,,,False_Crawls,Non_Nesting,,
12,2019,12/8/2019,,,Nest,Secure,,
12,2019,12/8/2019,,,Nest,Secure,,
12,2019,12/9/2019,,,Nest,Secure,,
12,2019,12/9/2019,,,Nest,Secure,,
12,2019,12/10/2019,2,30,Nesting_Individu,Secure,,
12,2019,12/10/2019,4,0,Nesting_Individu,Secure,,
12,2019,12/15/2019,,,Nest,Secure,,
12,2019,12/15/2019,,,Nest,Secure,,
12,2019,12/15/2019,,,Nest,Secure,,
12,2019,12/16/2019,,,Nest,Secure,,
12,2019,12/16/2019,,,Nest,Secure,,
12,2019,12/16/2019,,,False_Crawls,Non_Nesting,,
12,2019,12/18/2019,21,40,Nesting_Individu,Secure,,
12,2019,12/19/2019,,,False_Crawls,Non_Nesting,,
12,2019,12/20/2019,,,False_Crawls,Non_Nesting,,
12,2019,12/21/2019,,,Nest,Secure,,
12,2019,12/21/2019,,,Nest,Secure,,
12,2019,12/24/2019,,,Nest,Secure,,
12,2019,12/25/2019,,,Nest,Secure,,
12,2019,12/20/2019,3,23,Nesting_Individu,Secure,,
12,2019,12/25/2019,,,Nest,Secure,,
12,2019,12/21/2019,23,37,False_Crawls,Non_Nesting,,
12,2019,12/26/2019,,,Nest,Secure,,
12,2019,12/26/2019,,,False_Crawls,Non_Nesting,,
12,2019,12/26/2019,,,Nest,Secure,,
12,2019,12/26/2019,,,Nest,Secure,,
12,2019,12/29/2019,,,Nest,Secure,,
12,2019,12/30/2019,,,Nest,Secure,,
12,2019,12/30/2019,,,Nest,Secure,,
12,2019,12/31/2019,,,Nest,Secure,,
1,2020,1/2/2020,23,38,Nesting_Individu,Secure,,
1,2020,1/5/2020,2,38,Nesting_Individu,Secure,,
1,2020,1/7/2020,,,Nest,Secure,,
1,2020,1/7/2020,23,20,Nesting_Individu,Secure,,
1,2020,1/7/2020,,,False_Crawls,Non_Nesting,,
1,2020,1/7/2020,23,35,False_Crawls,Non_Nesting,,
1,2020,1/7/2020,,,False_Crawls,Non_Nesting,,
1,2020,1/7/2020,,,Nest,Secure,,
1,2020,1/7/2020,2,47,Nesting_Individu,Lost,,
1,2020,1/8/2020,,,False_Crawls,Non_Nesting,,
1,2020,1/8/2020,,,Nest,Secure,,
1,2020,1/8/2020,,,Nest,Secure,,
1,2020,1/9/2020,,,Nest,Secure,,
1,2020,1/9/2020,4,16,Nesting_Individu,Secure,,
1,2020,1/9/2020,,,False_Crawls,Non_Nesting,,
1,2020,1/10/2020,7,10,Nesting_Individu,Secure,,
1,2020,1/10/2020,,,Nest,Lost,,
1,2020,1/10/2020,4,20,Nesting_Individu,Secure,,
1,2020,1/10/2020,,,Nest,Secure,,
1,2020,1/10/2020,,,Nest,Secure,,
1,2020,1/11/2020,,,Nest,Secure,,
1,2020,1/11/2020,,,Nest,Secure,,
1,2020,1/12/2020,23,46,Nesting_Individu,Secure,,
1,2020,1/13/2020,,,Nest,Secure,,
1,2020,1/13/2020,,,Nesting_Individu,Secure,,
1,2020,1/14/2020,,,False_Crawls,Non_Nesting,,
1,2020,1/14/2020,,,False_Crawls,Non_Nesting,,
1,2020,1/15/2020,,,False_Crawls,Non_Nesting,,
1,2020,1/15/2020,,,Nest,Secure,,
1,2020,1/16/2020,1,0,Nesting_Individu,Secure,,
1,2020,1/16/2020,,,Nest,Secure,,
1,2020,1/17/2020,,,False_Crawls,Non_Nesting,,
1,2020,1/17/2020,,,Nest,Secure,,
1,2020,1/18/2020,,,Nest,Secure,,
1,2020,1/18/2020,,,False_Crawls,Non_Nesting,,
1,2020,1/20/2020,,,False_Crawls,Non_Nesting,,
1,2020,1/21/2020,,,Nest,Secure,,
1,2020,1/21/2020,,,Nest,Secure,,
1,2020,1/21/2020,,,False_Crawls,Non_Nesting,,
1,2020,1/22/2020,5,57,Nesting_Individu,Secure,,
1,2020,1/22/2020,,,False_Crawls,Non_Nesting,,
1,2020,1/22/2020,21,30,Nesting_Individu,Secure,,
1,2020,1/23/2020,3,38,Nesting_Individu,Secure,,
1,2020,1/23/2020,,,Nest,Secure,,
1,2020,1/23/2020,,,False_Crawls,Non_Nesting,,
1,2020,1/24/2020,,,Nest,Secure,,
1,2020,1/25/2020,,,Nest,Secure,,
1,2020,1/25/2020,,,Nest,Secure,,
1,2020,1/25/2020,,,Nest,Secure,,
1,2020,1/25/2020,,,False_Crawls,Non_Nesting,,
1,2020,1/27/2020,23,33,Nesting_Individu,Secure,,
1,2020,1/27/2020,,,False_Crawls,Non_Nesting,,
1,2020,1/27/2020,,,Nest,Secure,,
1,2020,1/27/2020,,,Nest,Secure,,
1,2020,1/28/2020,,,False_Crawls,Non_Nesting,,
1,2020,1/28/2020,,,Nest,Secure,,
1,2020,1/28/2020,,,Nest,Secure,,
1,2020,1/28/2020,,,Nest,Secure,,
1,2020,1/29/2020,,,Nest,Secure,,
1,2020,1/29/2020,,,False_Crawls,Non_Nesting,,
1,2020,1/29/2020,3,18,Nesting_Individu,Secure,,
1,2020,1/30/2020,,,Nest,Secure,,
1,2020,1/30/2020,,,Nest,Secure,,
1,2020,1/30/2020,,,False_Crawls,Non_Nesting,,
1,2020,1/30/2020,,,Nest,Secure,,
1,2020,1/31/2020,,,False_Crawls,Non_Nesting,,
1,2020,1/31/2020,,,Nest,Secure,,
1,2020,1/31/2020,,,Nest,Secure,,
1,2020,1/31/2020,,,Nest,Secure,,
1,2020,1/31/2020,,,False_Crawls,Non_Nesting,,
2,2020,2/1/2020,,,Nest,Secure,,
2,2020,2/1/2020,,,Nest,Secure,,
2,2020,2/1/2020,,,False_Crawls,Non_Nesting,,
2,2020,2/2/2020,,,False_Crawls,Non_Nesting,,
2,2020,2/2/2020,1,29,False_Crawls,Non_Nesting,,
2,2020,2/4/2020,,,Nest,Secure,,
2,2020,2/4/2020,,,False_Crawls,Non_Nesting,,
2,2020,2/5/2020,1,44,False_Crawls,Non_Nesting,,
2,2020,2/6/2020,,,Nest,Secure,,
2,2020,2/6/2020,1,39,Nesting_Individu,Secure,,
2,2020,2/6/2020,,,False_Crawls,Non_Nesting,,
2,2020,2/7/2020,,,Nest,Secure,,
2,2020,2/8/2020,4,56,Nesting_Individu,Secure,,
2,2020,2/9/2020,7,56,False_Crawls,Non_Nesting,,
2,2020,2/9/2020,,,Nest,Secure,,
2,2020,2/8/2020,,,False_Crawls,Non_Nesting,,
2,2020,2/11/2020,,,Nest,Secure,,
2,2020,2/12/2020,2,20,Nesting_Individu,Secure,,
2,2020,2/14/2020,,,Nest,Secure,,
2,2020,2/13/2020,23,3,Nesting_Individu,Secure,,
2,2020,2/16/2020,,,Nest,Secure,,
2,2020,2/16/2020,,,Nest,Secure,,
2,2020,2/17/2020,,,Nesting_Individu,Secure,,
2,2020,2/18/2020,,,False_Crawls,Non_Nesting,,
2,2020,2/19/2020,,,Nest,Secure,,
2,2020,2/19/2020,,,Nest,Secure,,
2,2020,2/19/2020,,,False_Crawls,Non_Nesting,,
2,2020,2/20/2020,,,Nest,Secure,,
2,2020,2/22/2020,,,Nest,Secure,,
2,2020,2/22/2020,,,Nest,Secure,,
2,2020,2/23/2020,,,Nest,Secure,,
2,2020,2/24/2020,,,Nest,Secure,,
2,2020,2/22/2020,1,18,False_Crawls,Non_Nesting,,
2,2020,2/24/2020,,,False_Crawls,Non_Nesting,,
2,2020,2/27/2020,,,Nest,Secure,,
2,2020,2/27/2020,,,False_Crawls,Non_Nesting,,
2,2020,2/27/2020,,,Nest,Secure,,
2,2020,2/28/2020,,,Nest,Secure,,
2,2020,2/28/2020,,,False_Crawls,Non_Nesting,,
2,2020,2/28/2020,1,0,Nesting_Individu,Secure,,
2,2020,2/29/2020,,,Nest,Secure,,
3,2020,3/2/2020,,,Nest,Secure,,
3,2020,3/2/2020,,,Nest,Secure,,
3,2020,3/4/2020,,,Nest,Secure,,
3,2020,3/9/2020,,,Nest,Secure,,
3,2020,3/10/2020,,,Nest,Secure,,
3,2020,3/10/2020,23,0,Nesting_Individu,Secure,,
3,2020,3/11/2020,,,Nest,Secure,,
3,2020,3/11/2020,,,Nest,Secure,,
3,2020,3/13/2020,,,False_Crawls,Non_Nesting,,
3,2020,3/13/2020,,,False_Crawls,Non_Nesting,,
3,2020,3/14/2020,,,Nest,Secure,,
3,2020,3/14/2020,,,False_Crawls,Non_Nesting,,
3,2020,3/14/2020,,,Nesting_Individu,Secure,,
3,2020,3/14/2020,,,Nest,Secure,,
3,2020,3/17/2020,,,False_Crawls,Non_Nesting,,
3,2020,3/17/2020,,,Nest,Secure,,
3,2020,3/20/2020,,,Nest,Secure,,
3,2020,3/20/2020,0,9,False_Crawls,Non_Nesting,,
3,2020,3/21/2020,0,9,False_Crawls,Non_Nesting,,
3,2020,3/23/2020,,,Nest,Secure,,
3,2020,3/24/2020,,,Nest,Secure,,
3,2020,3/25/2020,,,Nest,Secure,,
3,2020,3/26/2020,,,Nest,Secure,,
3,2020,3/26/2020,,,Nest,Secure,,
3,2020,3/27/2020,,,Nest,Secure,,
3,2020,3/29/2020,,,Nest,Secure,,
3,2020,3/31/2020,,,False_Crawls,Non_Nesting,,
4,2020,4/1/2020,,,False_Crawls,Non_Nesting,,
4,2020,4/1/2020,,,Nest,Secure,,
4,2020,4/4/2020,,,Nest,Secure,,
4,2020,4/4/2020,,,Nest,Secure,,
4,2020,4/4/2020,,,False_Crawls,Non_Nesting,,
4,2020,4/5/2020,,,Nest,Secure,,
4,2020,4/9/2020,,,Nest,Secure,,
4,2020,4/12/2020,,,False_Crawls,Non_Nesting,,
4,2020,4/12/2020,,,Nest,Secure,,
4,2020,4/13/2020,,,False_Crawls,Non_Nesting,,
4,2020,4/14/2020,,,False_Crawls,Non_Nesting,,
4,2020,4/14/2020,,,Nest,Secure,,
4,2020,4/18/2020,1,8,Nesting_Individu,Secure,,
4,2020,4/20/2020,,,False_Crawls,Non_Nesting,,
4,2020,4/21/2020,,,Nest,Secure,,
4,2020,4/21/2020,1,20,Nesting_Individu,Secure,,
4,2020,4/25/2020,,,Nest,Secure,,
4,2020,4/26/2020,,,Nest,Secure,,
4,2020,4/28/2020,,,Nest,Secure,,
4,2020,4/30/2020,,,Nest,Secure,,
5,2020,5/2/2020,,,Nest,Secure,,
5,2020,5/1/2020,22,47,Nesting_Individu,Secure,,
5,2020,5/5/2020,,,Nest,Secure,,
5,2020,5/8/2020,,,Nest,Secure,,
5,2020,5/9/2020,,,Nest,Secure,,
5,2020,5/10/2020,,,Nest,Secure,,
5,2020,5/11/2020,23,0,Nesting_Individu,Secure,,
5,2020,5/12/2020,,,Nest,Secure,,
5,2020,5/14/2020,,,Nest,Secure,,
5,2020,5/14/2020,,,Nest,Secure,,
5,2020,5/14/2020,,,Nest,Secure,,
5,2020,5/15/2020,,,False_Crawls,Non_Nesting,,
5,2020,5/15/2020,,,Nest,Secure,,
5,2020,5/16/2020,,,Nesting_Individu,Secure,,
5,2020,5/20/2020,22,0,Nesting_Individu,Secure,,
5,2020,5/17/2020,,,Nest,Secure,,
5,2020,5/19/2020,3,0,Nesting_Individu,Secure,,
5,2020,5/20/2020,,,Nest,Secure,,
5,2020,5/21/2020,,,Nest,Secure,,
5,2020,5/23/2020,,,Nest,Secure,,
5,2020,5/25/2020,,,Nest,Secure,,
5,2020,5/27/2020,,,Nest,Secure,,
5,2020,5/27/2020,,,Nest,Secure,,
5,2020,5/29/2020,,,Nest,Secure,,
5,2020,5/29/2020,,,Nest,Secure,,
5,2020,5/31/2020,,,Nest,Secure,,
6,2020,6/4/2020,,,Nest,Secure,,
6,2020,6/4/2020,1,40,Nesting_Individu,Secure,,
6,2020,6/4/2020,6,47,False_Crawls,Non_Nesting,,
6,2020,6/4/2020,,,Nest,Secure,,
6,2020,6/5/2020,,,False_Crawls,Non_Nesting,,
6,2020,6/7/2020,,,False_Crawls,Non_Nesting,,
6,2020,6/9/2020,,,Nest,Secure,,
6,2020,6/10/2020,22,0,False_Crawls,Non_Nesting,,
6,2020,6/10/2020,,,Nest,Secure,,
6,2020,6/10/2020,22,7,Nesting_Individu,Secure,,
6,2020,6/11/2020,,,Nest,Secure,,
6,2020,6/11/2020,,,Nest,Secure,,
6,2020,6/12/2020,,,Nest,Lost,,
6,2020,6/13/2020,21,10,Nesting_Individu,Secure,,
6,2020,6/13/2020,,,Nest,Secure,,
6,2020,6/14/2020,,,Nest,Secure,,
6,2020,6/14/2020,,,Nest,Secure,,
6,2020,6/15/2020,,,Nest,Secure,,
6,2020,6/14/2020,21,10,Nesting_Individu,Secure,,
6,2020,6/16/2020,,,False_Crawls,Non_Nesting,,
6,2020,6/17/2020,23,0,Nesting_Individu,Secure,,
6,2020,6/17/2020,,,Nest,Secure,,
6,2020,6/17/2020,,,Nest,Secure,,
6,2020,6/19/2020,,,Nest,Secure,,
6,2020,6/21/2020,23,26,Nesting_Individu,Secure,,
6,2020,6/22/2020,,,Nest,Secure,,
6,2020,6/22/2020,,,False_Crawls,Non_Nesting,,
6,2020,6/23/2020,22,10,Nesting_Individu,Secure,,
6,2020,6/23/2020,,,Nest,Secure,,
6,2020,6/23/2020,,,Nest,Secure,,
6,2020,6/23/2020,,,Nest,Secure,,
6,2020,6/24/2020,3,30,Nesting_Individu,Secure,,
6,2020,6/24/2020,22,30,Nesting_Individu,Secure,,
6,2020,6/27/2020,,,False_Crawls,Non_Nesting,,
6,2020,6/27/2020,22,13,Nesting_Individu,Secure,,
6,2020,6/28/2020,22,0,Nesting_Individu,Secure,,
6,2020,6/30/2020,,,False_Crawls,Non_Nesting,,
7,2020,7/1/2020,,,Nest,Secure,,
7,2020,7/2/2020,3,18,Nesting_Individu,Secure,,
7,2020,7/2/2020,,,False_Crawls,Non_Nesting,,
7,2020,7/2/2020,,,Nest,Secure,,
7,2020,7/2/2020,,,Nest,Secure,,
7,2020,7/3/2020,23,1,Nesting_Individu,Secure,,
7,2020,7/5/2020,,,Nest,Lost,,
7,2020,7/5/2020,23,8,Nesting_Individu,Secure,,
7,2020,7/7/2020,,,Nest,Secure,,
7,2020,7/7/2020,0,20,Nesting_Individu,Secure,,
7,2020,7/8/2020,0,0,Nesting_Individu,Secure,,
7,2020,7/10/2020,,,Nest,Secure,,
7,2020,7/10/2020,,,False_Crawls,Non_Nesting,,
7,2020,7/10/2020,,,Nest,Secure,,
7,2020,7/10/2020,,,Nest,Secure,,
7,2020,7/10/2020,,,False_Crawls,Non_Nesting,,
7,2020,7/12/2020,,,Nest,Lost,,
7,2020,7/12/2020,,,Nest,Lost,,
7,2020,7/12/2020,,,False_Crawls,Non_Nesting,,
7,2020,7/13/2020,,,Nest,Secure,,
7,2020,7/14/2020,,,False_Crawls,Non_Nesting,,
7,2020,7/14/2020,23,30,Nesting_Individu,Secure,,
7,2020,7/17/2020,,,Nest,Secure,,
7,2020,7/19/2020,,,Nest,Secure,,
7,2020,7/19/2020,,,Nest,Secure,,
7,2020,7/21/2020,,,Nest,Secure,,
7,2020,7/23/2020,,,Nest,Secure,,
7,2020,7/23/2020,,,Nest,Secure,,
7,2020,7/23/2020,,,False_Crawls,Non_Nesting,,
7,2020,7/24/2020,,,False_Crawls,Non_Nesting,,
7,2020,7/27/2020,,,Nest,Secure,,
7,2020,7/29/2020,,,Nest,Secure,,
7,2020,7/30/2020,2,38,Nesting_Individu,Secure,,
8,2020,8/1/2020,,,False_Crawls,Non_Nesting,,
8,2020,8/1/2020,,,Nest,Secure,,
8,2020,8/7/2020,,,Nest,Secure,,
8,2020,8/8/2020,,,False_Crawls,Non_Nesting,,
8,2020,8/9/2020,,,False_Crawls,Non_Nesting,,
8,2020,8/11/2020,,,Nest,Secure,,
8,2020,8/19/2020,,,Nest,Secure,,
8,2020,8/21/2020,,,Nest,Secure,,
8,2020,8/29/2020,3,20,Nesting_Individu,Secure,,
9,2020,9/10/2020,,,Nest,Secure,,
9,2020,9/10/2020,,,False_Crawls,Non_Nesting,,
9,2020,9/20/2020,,,False_Crawls,Non_Nesting,,
9,2020,9/22/2020,,,False_Crawls,Non_Nesting,,
9,2020,9/24/2020,,,False_Crawls,Non_Nesting,,
9,2020,9/24/2020,,,Nest,Secure,,
9,2020,9/24/2020,,,Nest,Secure,,
10,2020,10/11/2020,,,Nest,Secure,-3.072217,126.5366
10,2020,10/16/2020,,,False_Crawls,Non_Nesting,-3.072205,126.5373
10,2020,10/27/2020,,,Nest,Secure,,
10,2020,10/29/2020,,,Nest,Secure,,
11,2020,11/4/2020,,,Nest,Secure,-3.0692,126.58678
11,2020,11/7/2020,7,36,False_Crawls,Non_Nesting,-3.0723,126.555467
11,2020,11/7/2020,7,40,Nest,Secure,-3.072317,126.555467
11,2020,11/7/2020,,,False_Crawls,Non_Nesting,,
11,2020,11/13/2020,,,Nest,Secure,,
11,2020,11/17/2020,0,49,Nesting_Individu,Secure,,
11,2020,11/19/2020,,,Nest,Secure,,
11,2020,11/24/2020,,,Nest,Secure,,
11,2020,11/25/2020,,,Nest,Secure,,
11,2020,11/25/2020,7,12,Nest,Secure,-3.071907,126.56525
11,2020,11/26/2020,,,False_Crawls,Non_Nesting,-3.070249,126.579864
11,2020,11/26/2020,,,False_Crawls,Non_Nesting,-3.072257,126.556715
11,2020,11/27/2020,,,False_Crawls,Non_Nesting,,
11,2020,11/28/2020,2,15,False_Crawls,Non_Nesting,-3.070333,126.576983
11,2020,11/28/2020,23,39,Nest,Secure,-3.071917,126.564803
11,2020,11/29/2020,,,False_Crawls,Non_Nesting,,
12,2020,12/3/2020,7,20,Nest,Secure,-3.07225,126.548633
12,2020,12/3/2020,7,31,Nest,Secure,-3.0723,126.548633
12,2020,12/3/2020,23,0,False_Crawls,Non_Nesting,-3.070291,126.578749
12,2020,12/3/2020,,,Nest,Secure,-3.070239,126.578764
12,2020,12/4/2020,,,Nest,Lost,,
12,2020,12/6/2020,,,Nest,Secure,-3.070249,126.579864
12,2020,12/6/2020,,,False_Crawls,Non_Nesting,-3.070969,126.57252
12,2020,12/12/2020,6,57,Nest,Secure,-3.072033,126.561317
12,2020,12/13/2020,,,False_Crawls,Non_Nesting,-3.07125,126.571182
12,2020,12/14/2020,,,Nest,Secure,-3.069583,126.584833
12,2020,12/14/2020,22,0,Nesting_Individu,Secure,-3.07235,126.553933
12,2020,12/15/2020,,,Nest,Secure,-3.070083,126.579663
12,2020,12/16/2020,6,32,Nest,Secure,-3.07225,126.5529
12,2020,12/20/2020,,,False_Crawls,Non_Nesting,-3.07245,126.541633
12,2020,12/21/2020,0,4,False_Crawls,Non_Nesting,-3.070835,126.573313
12,2020,12/22/2020,6,29,Nest,Secure,-3.072217,126.558983
12,2020,12/24/2020,22,0,False_Crawls,Non_Nesting,,
12,2020,12/24/2020,6,14,Nest,Secure,-3.072267,126.552633
12,2020,12/25/2020,7,15,Nest,Secure,-3.072275,126.552642
12,2020,12/25/2020,,,Nest,Secure,-3.0724,126.542817
12,2020,12/26/2020,,,False_Crawls,Non_Nesting,-3.070249,126.579864
12,2020,12/26/2020,,,False_Crawls,Non_Nesting,-3.07191,126.56374
12,2020,12/27/2020,,,Nest,Secure,,
12,2020,12/27/2020,,,Nest,Secure,,
12,2020,12/27/2020,,,Nest,Secure,-3.072333,126.538817
12,2020,12/31/2020,5,56,Nest,Secure,-3.072267,126.553
1,2021,1/2/2021,,,Nest,Secure,,
1,2021,1/3/2021,,,False_Crawls,Non_Nesting,,
1,2021,1/3/2021,,,False_Crawls,Non_Nesting,,
1,2021,1/4/2021,8,37,Nest,Secure,-3.0724,126.554583
1,2021,1/4/2021,,,False_Crawls,Non_Nesting,-3.07225,126.53798
1,2021,1/7/2021,7,14,Nest,Secure,-3.072383,126.554
1,2021,1/7/2021,,,False_Crawls,Non_Nesting,,
1,2021,1/7/2021,,,False_Crawls,Non_Nesting,-3.071467,126.569833
1,2021,1/8/2021,,,Nest,Secure,,
1,2021,1/9/2021,21,40,False_Crawls,Non_Nesting,-3.072358,126.554537
1,2021,1/10/2021,7,36,Nest,Secure,-3.072183,126.559033
1,2021,1/19/2021,2,2,Nesting_Individu,Secure,,
1,2021,1/19/2021,0,56,False_Crawls,Non_Nesting,,
1,2021,1/19/2021,,,Nest,Secure,,
1,2021,1/19/2021,2,14,Nesting_Individu,Secure,-3.07205,126.56275
1,2021,1/21/2021,22,0,False_Crawls,Non_Nesting,,
1,2021,1/26/2021,3,20,Nesting_Individu,Secure,,
1,2021,1/28/2021,,,Nest,Secure,,
1,2021,1/28/2021,,,False_Crawls,Non_Nesting,,
1,2021,1/27/2021,23,0,Nesting_Individu,Lost,,
1,2021,1/29/2021,7,13,Nest,Secure,-3.0723,126.556517
1,2021,1/29/2021,7,13,Nest,Secure,-3.072317,126.556617
2,2021,2/1/2021,1,40,False_Crawls,Non_Nesting,-3.072233,126.5588
2,2021,2/2/2021,,,Nest,Secure,-3.072358,126.554537
2,2021,2/4/2021,0,0,Nesting_Individu,Secure,-3.07225,126.552583
2,2021,2/7/2021,7,31,Nest,Secure,-3.072217,126.5527
2,2021,2/7/2021,,,Nest,Secure,-3.072383,126.553967
2,2021,2/10/2021,,,Nest,Secure,-3.072383,126.55395
2,2021,2/12/2021,,,Nest,Secure,,
2,2021,2/14/2021,,,Nest,Secure,-3.07205,126.56085
2,2021,2/16/2021,,,False_Crawls,Non_Nesting,,
2,2021,2/17/2021,,,False_Crawls,Non_Nesting,,
2,2021,2/18/2021,,,False_Crawls,Non_Nesting,,
2,2021,2/22/2021,,,Nest,Secure,-3.072483,126.555267
2,2021,2/23/2021,,,False_Crawls,Non_Nesting,,
2,2021,2/24/2021,,,Nest,Secure,,
2,2021,2/25/2021,,,Nest,Lost,-3.072283,126.55325
3,2021,3/4/2021,,,Nest,Secure,,
3,2021,3/6/2021,,,False_Crawls,Non_Nesting,,
3,2021,3/11/2021,,,Nest,Secure,-3.07245,126.554333
3,2021,3/11/2021,,,False_Crawls,Non_Nesting,-3.07225,126.5521
3,2021,3/14/2021,,,Nest,Secure,,
3,2021,3/15/2021,,,Nest,Secure,-3.07235,126.55475
3,2021,3/17/2021,,,Nest,Secure,,
4,2021,4/5/2021,,,Nest,Secure,-3.072317,126.55515
4,2021,4/16/2021,23,16,Nesting_Individu,Secure,,
4,2021,4/26/2021,4,30,Nesting_Individu,Secure,-3.072033,126.559667
4,2021,4/28/2021,8,6,Nest,Secure,-3.0695,126.58499
4,2021,4/28/2021,8,15,Nest,Secure,-3.069559,126.585378
4,2021,4/30/2021,,,Nest,Lost,,
5,2021,5/7/2021,,,Nest,Secure,-3.072433,126.554083
5,2021,5/7/2021,,,Nest,Secure,-3.072317,126.54765
5,2021,5/11/2021,3,50,Nesting_Individu,Secure,,
5,2021,5/17/2021,,,False_Crawls,Non_Nesting,-3.07216,126.559503
5,2021,5/18/2021,,,Nest,Secure,,
5,2021,5/19/2021,1,26,Nesting_Individu,Secure,-3.072267,126.553133
5,2021,5/20/2021,0,26,Nesting_Individu,Secure,-3.072417,126.554733
5,2021,5/20/2021,,,Nest,Secure,,
5,2021,5/21/2021,,,Nest,Secure,-3.071945,126.566089
5,2021,5/21/2021,,,Nest,Secure,-3.072083,126.560767
5,2021,5/21/2021,,,False_Crawls,Non_Nesting,,
5,2021,5/27/2021,,,Nest,Secure,-3.071557,126.569952
5,2021,5/27/2021,,,Nest,Secure,,
5,2021,5/30/2021,,,Nest,Secure,-3.0719,126.561767
5,2021,5/30/2021,22,8,Nesting_Individu,Secure,-3.06913,126.58692
5,2021,5/30/2021,22,40,Nesting_Individu,Secure,,
5,2021,5/31/2021,,,Nest,Secure,-3.072018,126.560794
5,2021,5/31/2021,,,Nest,Secure,-3.06944,126.58522
5,2021,5/30/2021,23,16,Nesting_Individu,Secure,-3.06934,126.58584
6,2021,6/1/2021,0,35,Nesting_Individu,Secure,-3.072033,126.56245
6,2021,6/4/2021,,,False_Crawls,Non_Nesting,,
6,2021,6/6/2021,,,Nest,Secure,-3.071221,126.57165
6,2021,6/4/2021,23,16,False_Crawls,Non_Nesting,,
6,2021,6/10/2021,,,Nest,Secure,-3.072367,126.553467
6,2021,6/10/2021,,,Nest,Secure,,
6,2021,6/11/2021,,,Nest,Secure,-3.072267,126.55745
6,2021,6/11/2021,,,Nest,Secure,-3.071389,126.571144
6,2021,6/15/2021,22,31,Nesting_Individu,Secure,,
6,2021,6/16/2021,22,52,Nesting_Individu,Secure,,
6,2021,6/17/2021,,,Nest,Secure,-3.069856,126.582501
6,2021,6/18/2021,,,Nest,Secure,-3.06983,126.58177
6,2021,6/18/2021,,,Nest,Secure,-3.06949,126.58591
6,2021,6/19/2021,1,0,Nesting_Individu,Secure,-3.071967,126.565017
6,2021,6/20/2021,,,Nest,Secure,-3.069867,126.582207
6,2021,6/21/2021,1,6,Nesting_Individu,Secure,-3.071933,126.564317
6,2021,6/21/2021,,,Nest,Secure,,
6,2021,6/23/2021,6,20,Nesting_Individu,Secure,,
6,2021,6/23/2021,6,20,False_Crawls,Non_Nesting,,
6,2021,6/23/2021,,,Nest,Secure,,
6,2021,6/25/2021,,,Nest,Secure,,
6,2021,6/26/2021,,,False_Crawls,Non_Nesting,-3.072267,126.55345
6,2021,6/26/2021,,,Nest,Secure,-3.07215,126.560067
6,2021,6/27/2021,,,Nest,Secure,-3.072383,126.553667
6,2021,6/28/2021,,,Nest,Secure,-3.072034,126.565774
6,2021,6/28/2021,,,False_Crawls,Non_Nesting,,
7,2021,7/1/2021,3,50,False_Crawls,Non_Nesting,,
7,2021,7/1/2021,4,20,Nesting_Individu,Secure,,
7,2021,7/2/2021,,,Nest,Secure,,
7,2021,7/2/2021,,,False_Crawls,Non_Nesting,,
7,2021,7/2/2021,,,Nest,Secure,-3.07205,126.561117
7,2021,7/3/2021,,,False_Crawls,Non_Nesting,,
7,2021,7/4/2021,,,Nest,Secure,-3.072117,126.560767
7,2021,7/4/2021,,,Nest,Secure,-3.072383,126.553933
7,2021,7/6/2021,,,Nest,Secure,-3.071324,126.571054
7,2021,7/7/2021,0,38,Nesting_Individu,Secure,-3.07118,126.571837
7,2021,7/7/2021,,,Nest,Secure,-3.072417,126.553633
7,2021,7/8/2021,,,False_Crawls,Non_Nesting,-3.072417,126.554817
7,2021,7/10/2021,,,Nesting_Individu,Secure,,
7,2021,7/10/2021,,,Nest,Secure,-3.071994,126.56784
7,2021,7/12/2021,,,Nest,Secure,-3.071924,126.56726
7,2021,7/13/2021,1,41,Nesting_Individu,Secure,,
7,2021,7/15/2021,,,Nest,Secure,,
7,2021,7/15/2021,0,43,Nesting_Individu,Secure,-3.071888,126.56678
7,2021,7/16/2021,,,Nest,Secure,-3.072183,126.5601
7,2021,7/17/2021,2,33,Nesting_Individu,Secure,,
7,2021,7/22/2021,1,51,Nesting_Individu,Secure,,
7,2021,7/22/2021,1,31,Nesting_Individu,Secure,,
7,2021,7/23/2021,1,2,Nesting_Individu,Secure,,
7,2021,7/23/2021,,,Nest,Secure,,
7,2021,7/23/2021,,,False_Crawls,Non_Nesting,,
7,2021,7/23/2021,,,False_Crawls,Non_Nesting,-3.072083,126.56155
7,2021,7/23/2021,,,Nest,Secure,-3.072083,126.5604
7,2021,7/23/2021,,,Nest,Secure,-3.07234,126.554945
7,2021,7/26/2021,,,False_Crawls,Non_Nesting,,
7,2021,7/28/2021,,,Nest,Secure,,
7,2021,7/31/2021,2,42,False_Crawls,Non_Nesting,,
8,2021,8/2/2021,,,Nest,Secure,-3.072467,126.554867
8,2021,8/7/2021,,,Nest,Secure,-3.072467,126.554867
8,2021,8/4/2021,,,False_Crawls,Non_Nesting,,
8,2021,8/6/2021,,,Nest,Secure,,
8,2021,8/6/2021,,,False_Crawls,Non_Nesting,,
8,2021,8/10/2021,,,Nest,Secure,,
8,2021,8/16/2021,,,Nesting_Individu,Secure,-3.072067,126.561433
8,2021,8/25/2021,3,20,Nesting_Individu,Secure,-3.072292,126.555962
8,2021,8/29/2021,7,8,Nest,Secure,-3.065884,126.606906
8,2021,8/30/2021,5,46,Nest,Secure,-3.068764,126.615184
8,2021,8/31/2021,4,15,Nest,Secure,-3.069284,126.620874
9,2021,9/2/2021,21,7,Nest,Secure,-3.069368,126.617963
9,2021,9/3/2021,2,53,Nesting_Individu,Secure,-3.072275,126.557957
9,2021,9/5/2021,5,55,Nesting_Individu,Secure,-3.071978,126.566103
9,2021,9/11/2021,6,17,Nest,Secure,-3.06903,126.617736
9,2021,9/11/2021,22,5,Nesting_Individu,Secure,-3.071867,126.563658
9,2021,9/12/2021,6,0,Nest,Secure,-3.069035,126.617611
9,2021,9/14/2021,1,12,Nesting_Individu,Secure,-3.072002,126.565794
9,2021,9/21/2021,0,36,Nesting_Individu,Secure,-3.072429,126.55491
9,2021,9/22/2021,6,30,Nest,Secure,-3.069093,126.618425
9,2021,9/24/2021,1,24,Nesting_Individu,Secure,-3.07201,126.562184
10,2021,10/12/2021,6,3,False_Crawls,Non_Nesting,-3.06919,126.61958
10,2021,10/27/2021,23,0,Nesting_Individu,Secure,-3.07203,126.563959
11,2021,11/6/2021,21,0,Nest,Secure,-3.072452,126.554472
11,2021,11/11/2021,22,13,Nesting_Individu,Secure,-3.072282,126.559108
11,2021,11/17/2021,0,27,Nesting_Individu,Secure,-3.071992,126.563795
11,2021,11/21/2021,4,26,Nesting_Individu,Secure,-3.072178,126.559093
11,2021,11/24/2021,2,29,Nest,Secure,-3.071958,126.564793
11,2021,11/25/2021,11,54,Nesting_Individu,Secure,-3.07223,126.556242
11,2021,11/28/2021,,,Nest,Secure,-3.069223,126.619896
12,2021,12/6/2021,21,50,Nesting_Individu,Secure,-3.071881,126.565793
12,2021,12/6/2021,22,4,Nesting_Individu,Secure,-3.072429,126.538708
12,2021,12/8/2021,,,Nest,Secure,-3.069213,126.61899
12,2021,12/12/2021,13,0,Nest,Secure,-3.071966,126.565009
12,2021,12/16/2021,3,0,Nest,Secure,-3.072267,126.552748
12,2021,12/16/2021,6,38,False_Crawls,Non_Nesting,-3.0693,126.62056
12,2021,12/17/2021,2,32,Nesting_Individu,Secure,-3.07244,126.545092
12,2021,12/17/2021,4,38,False_Crawls,Non_Nesting,-3.07224,126.548755
12,2021,12/17/2021,4,40,Nest,Secure,-3.072207,126.55985
12,2021,12/19/2021,21,30,Nest,Secure,-3.071979,126.562933
12,2021,12/19/2021,21,5,Nest,Secure,-3.06929,126.61925
12,2021,12/20/2021,2,0,Nest,Secure,-3.072281,126.548316
12,2021,12/20/2021,1,30,Nesting_Individu,Secure,-3.071962,126.564401
12,2021,12/30/2021,,,False_Crawls,Non_Nesting,-3.072372,126.554119
12,2021,12/30/2021,,,False_Crawls,Non_Nesting,-3.072288,126.552929
12,2021,12/30/2021,,,Nest,Secure,-3.072251,126.55258
12,2021,12/30/2021,,,Nest,Secure,-3.072462,126.554255
12,2021,12/30/2021,,,Nest,Secure,-3.072257,126.55262
12,2021,12/30/2021,,,Nest,Secure,-3.072388,126.54999
1,2022,1/1/2022,,,Nest,Secure,-3.072257,126.55262
1,2022,1/2/2022,20,34,Nest,Secure,-3.072336,126.553446
1,2022,1/3/2022,,,Nest,Secure,-3.072382,126.553437
1,2022,1/5/2022,23,39,Nesting_Individu,Secure,-3.06924,126.619
1,2022,1/8/2022,21,30,Nesting_Individu,Predated,-3.072419,126.554067
1,2022,1/8/2022,,,Nest,Secure,-3.072462,126.554688
1,2022,1/8/2022,,,Nest,Secure,-3.07221,126.559674
1,2022,1/9/2022,,,Nest,Secure,-3.072348,126.553981
1,2022,1/10/2022,1,24,Nesting_Individu,Secure,-3.069202,126.619702
1,2022,1/12/2022,21,56,Nest,Secure,-3.07253,126.543405
1,2022,1/13/2022,2,22,False_Crawls,Non_Nesting,-3.072504,126.542804
1,2022,1/13/2022,3,30,Nest,Secure,-3.072237,126.551872
1,2022,1/13/2022,5,5,False_Crawls,Non_Nesting,-3.072297,126.558252
1,2022,1/13/2022,2,15,Nesting_Individu,Secure,-3.069181,126.618173
1,2022,1/13/2022,23,13,Nesting_Individu,Secure,-3.071984,126.566245
1,2022,1/14/2022,3,45,Nesting_Individu,Secure,-3.07226,126.548038
1,2022,1/16/2022,0,21,Nesting_Individu,Secure,-3.06938,126.62129
1,2022,1/17/2022,23,0,Nesting_Individu,Secure,-3.069079,126.618247
1,2022,1/18/2022,5,4,Nest,Secure,-3.072183,126.536301
1,2022,1/18/2022,23,59,False_Crawls,Non_Nesting,-3.072028,126.563611
1,2022,1/19/2022,21,50,Nesting_Individu,Secure,-3.072087,126.561497
1,2022,1/19/2022,22,33,Nesting_Individu,Secure,-3.069571,126.622256
1,2022,1/20/2022,0,7,Nesting_Individu,Secure,-3.071986,126.563098
1,2022,1/21/2022,2,33,Nesting_Individu,Lost,-3.071974,126.567098
1,2022,1/21/2022,23,50,Nesting_Individu,Secure,-3.069587,126.623819
1,2022,1/22/2022,23,30,Nesting_Individu,Secure,-3.07237,126.553971
1,2022,1/23/2022,0,3,Nesting_Individu,Secure,-3.072017,126.566412
1,2022,1/27/2022,22,30,False_Crawls,Non_Nesting,-3.072225,126.557713
1,2022,1/28/2022,2,20,False_Crawls,Non_Nesting,-3.066303,126.608131
1,2022,1/29/2022,1,10,Nesting_Individu,Secure,-3.072006,126.566434
1,2022,1/29/2022,22,37,False_Crawls,Non_Nesting,-3.072265,126.549636
1,2022,1/29/2022,22,34,False_Crawls,Non_Nesting,-3.072209,126.549127
1,2022,1/29/2022,22,12,False_Crawls,Non_Nesting,-3.072335,126.540354
1,2022,1/30/2022,1,44,False_Crawls,Non_Nesting,-3.069707,126.624135
1,2022,1/30/2022,3,0,Nest,Secure,-3.072267,126.54821
1,2022,1/31/2022,4,0,Nesting_Individu,Secure,-3.072338,126.553399
2,2022,2/1/2022,6,15,Nest,Secure,-3.072348,126.553387
2,2022,2/1/2022,22,35,Nesting_Individu,Secure,-3.071966,126.565645
2,2022,2/1/2022,23,51,False_Crawls,Non_Nesting,-3.069192,126.618258
2,2022,2/2/2022,5,33,False_Crawls,Non_Nesting,-3.072215,126.557833
2,2022,2/3/2022,21,31,Nesting_Individu,Secure,-3.068904,126.616002
2,2022,2/7/2022,3,33,Nesting_Individu,Predated,-3.072375,126.553439
2,2022,2/9/2022,4,49,False_Crawls,Non_Nesting,-3.068992,126.617739
2,2022,2/10/2022,2,16,Nesting_Individu,Secure,-3.071998,126.566359
2,2022,2/10/2022,5,38,Nest,Secure,-3.072372,126.54714
2,2022,2/12/2022,23,10,Nest,Secure,-3.07208,126.565687
2,2022,2/13/2022,1,0,Nesting_Individu,Secure,-3.072018,126.56248
2,2022,2/16/2022,5,0,Nest,Secure,-3.07234,126.553241
2,2022,2/19/2022,23,15,False_Crawls,Non_Nesting,-3.072285,126.558134
2,2022,2/19/2022,23,15,Nesting_Individu,Secure,-3.072243,126.559494
2,2022,2/24/2022,2,35,Nesting_Individu,Secure,-3.072238,126.552751
2,2022,2/25/2022,2,23,Nesting_Individu,Secure,-3.072314,126.552991
3,2022,3/2/2022,0,9,Nesting_Individu,Secure,-3.072033,126.566418
3,2022,3/5/2022,4,0,Nesting_Individu,Predated,-3.071979,126.566032
3,2022,3/7/2022,4,0,Nest,Secure,-3.071042,126.572975
3,2022,3/12/2022,2,25,Nesting_Individu,Secure,-3.071994,126.564865
3,2022,3/16/2022,1,3,Nesting_Individu,Secure,-3.071916,126.564138
3,2022,3/25/2022,4,12,Nesting_Individu,Secure,-3.071997,126.567059
4,2022,4/3/2022,2,34,False_Crawls,Non_Nesting,-3.0718975,126.5639859
4,2022,4/3/2022,9,59,Nest,Secure,-3.0718852,126.5646354
4,2022,4/5/2022,22,20,Nest,Secure,-3.0698999,126.6260194
4,2022,4/16/2022,22,35,Nesting_Individu,Secure,-3.0721987,126.5372144
4,2022,4/22/2022,2,26,Nesting_Individu,Secure,-3.0665951,126.6087071
4,2022,4/27/2022,22,30,Nesting_Individu,Secure,-3.072033,126.5657827
4,2022,4/27/2022,23,6,False_Crawls,Non_Nesting,-3.072408,126.5429723
4,2022,4/28/2022,0,53,Nesting_Individu,Secure,-3.0720284,126.562479
4,2022,4/28/2022,5,43,Nest,Secure,-3.072085,126.5607849
4,2022,4/30/2022,23,47,Nest,Secure,-3.06987,126.5823412
5,2022,5/1/2022,0,48,Nesting_Individu,Secure,-3.069424,126.6205636
5,2022,5/1/2022,0,23,False_Crawls,Non_Nesting,-3.0697792,126.6245561
5,2022,5/2/2022,8,53,Nest,Secure,-3.0723629,126.5502008
5,2022,5/3/2022,22,15,Nest,Secure,-3.0692627,126.619899
5,2022,5/9/2022,8,45,Nest,Secure,-3.0691806,126.6185469
5,2022,5/10/2022,9,20,False_Crawls,Non_Nesting,-3.0721024,126.5656741
5,2022,5/11/2022,2,18,Nest,Secure,-3.0692174,126.6182454
5,2022,5/11/2022,11,38,Nest,Secure,-3.0723242,126.5526794
5,2022,5/12/2022,0,36,Nesting_Individu,Secure,-3.0723647,126.5557889
5,2022,5/12/2022,10,40,False_Crawls,Non_Nesting,-3.0695801,126.6219063
5,2022,5/13/2022,9,18,Nest,Secure,-3.0719527,126.5657084
5,2022,5/13/2022,22,11,Nest,Secure,-3.0698166,126.6255699
5,2022,5/14/2022,10,46,False_Crawls,Non_Nesting,-3.0696124,126.6235054
5,2022,5/16/2022,21,39,False_Crawls,Non_Nesting,-3.0699867,126.6266999
5,2022,5/18/2022,22,40,Nesting_Individu,Secure,-3.0699198,126.6253261
5,2022,5/20/2022,21,31,False_Crawls,Non_Nesting,-3.071971,126.5630714
5,2022,5/20/2022,22,19,Nesting_Individu,Secure,-3.0685295,126.6134423
5,2022,5/21/2022,0,17,Nesting_Individu,Secure,-3.0719686,126.5657028
5,2022,5/21/2022,4,30,False_Crawls,Non_Nesting,-3.0698869,126.6265082
5,2022,5/21/2022,23,53,Nesting_Individu,Secure,-3.0720643,126.5599006
5,2022,5/21/2022,23,13,Nesting_Individu,Secure,-3.0703343,126.630037
5,2022,5/22/2022,22,10,Nesting_Individu,Secure,-3.069343,126.6204812
5,2022,5/23/2022,4,30,False_Crawls,Non_Nesting,-3.0698051,126.6263704
5,2022,5/23/2022,9,26,Nest,Secure,-3.0700043,126.6270505
5,2022,5/27/2022,22,41,Nesting_Individu,Secure,-3.0723116,126.5501231
5,2022,5/30/2022,1,48,False_Crawls,Non_Nesting,-3.0720807,126.5606732
5,2022,5/30/2022,21,50,Nest,Secure,-3.0702716,126.6299124
5,2022,5/30/2022,23,24,False_Crawls,Non_Nesting,-3.0720049,126.5657795
5,2022,5/31/2022,8,39,Nest,Secure,-3.0723359,126.555891
5,2022,5/31/2022,23,13,False_Crawls,Non_Nesting,-3.0719774,126.5607975
5,2022,5/31/2022,23,29,Nesting_Individu,Secure,-3.0697961,126.6244136
5,2022,5/31/2022,23,33,Nesting_Individu,Secure,-3.0652145,126.6047853
6,2022,6/1/2022,1,0,Nesting_Individu,Secure,-3.0693514,126.6203642
6,2022,6/1/2022,21,50,Nest,Secure,-3.0696075,126.6235708
6,2022,6/6/2022,23,15,Nesting_Individu,Secure,-3.0719381,126.5641906
6,2022,6/8/2022,4,4,False_Crawls,Non_Nesting,-3.0721401,126.5504571
6,2022,6/9/2022,20,15,False_Crawls,Non_Nesting,-3.0702136,126.628811
6,2022,6/10/2022,0,30,Nesting_Individu,Secure,-3.0697268,126.6248062
6,2022,6/10/2022,2,22,Nesting_Individu,Secure,-3.0722897,126.5526217
6,2022,6/11/2022,0,33,Nesting_Individu,Secure,-3.0723487,126.5477266
6,2022,6/11/2022,2,52,False_Crawls,Non_Nesting,-3.0699089,126.626323
6,2022,6/11/2022,2,56,Nesting_Individu,Secure,-3.0699196,126.6263471
6,2022,6/11/2022,22,30,Nest,Secure,-3.0695531,126.6223063
6,2022,6/11/2022,22,45,Nest,Secure,-3.0698434,126.6255436
6,2022,6/11/2022,23,13,Nest,Secure,-3.0648035,126.6041834
6,2022,6/12/2022,22,3,Nest,Secure,-3.0693857,126.6206045
6,2022,6/15/2022,20,14,Nest,Secure,-3.0713873,126.5189979
6,2022,6/16/2022,22,44,Nest,Secure,-3.0708031,126.6388526
6,2022,6/16/2022,22,47,False_Crawls,Non_Nesting,-3.070789,126.6385686
6,2022,6/16/2022,22,50,Nest,Secure,-3.0707673,126.638073
6,2022,6/16/2022,22,57,False_Crawls,Non_Nesting,-3.0706385,126.6357043
6,2022,6/16/2022,23,4,Nest,Secure,-3.070595,126.6345682
6,2022,6/18/2022,22,46,False_Crawls,Non_Nesting,-3.0720063,126.5606702
6,2022,6/19/2022,0,9,Nesting_Individu,Secure,-3.0722766,126.5493889
6,2022,6/19/2022,22,47,False_Crawls,Non_Nesting,-3.0709395,126.5734686
6,2022,6/19/2022,22,51,Nesting_Individu,Secure,-3.0692446,126.619584
6,2022,6/20/2022,3,50,False_Crawls,Non_Nesting,-3.0724966,126.543401
6,2022,6/20/2022,7,26,False_Crawls,Non_Nesting,-3.0672192,126.6098945
6,2022,6/20/2022,7,44,False_Crawls,Non_Nesting,-3.0653283,126.60533
6,2022,6/20/2022,21,45,False_Crawls,Non_Nesting,-3.0692047,126.6198265
6,2022,6/20/2022,23,30,Nesting_Individu,Secure,-3.0719772,126.5654234
6,2022,6/20/2022,21,50,Nest,Secure,-3.0693243,126.6205832
6,2022,6/21/2022,0,46,Nesting_Individu,Secure,-3.0688045,126.6161559
6,2022,6/21/2022,9,59,False_Crawls,Non_Nesting,-3.0654246,126.6055189
6,2022,6/21/2022,21,50,Nest,Secure,-3.0696336,126.6243124
6,2022,6/22/2022,21,59,Nesting_Individu,Secure,-3.069226,126.6194963
6,2022,6/23/2022,8,52,Nest,Secure,-3.0686909,126.6144958
6,2022,6/23/2022,9,15,Nest,Secure,-3.0696205,126.6220094
6,2022,6/24/2022,6,57,False_Crawls,Non_Nesting,-3.0720164,126.5643032
6,2022,6/24/2022,9,30,Nest,Secure,-3.0697016,126.583795
6,2022,6/26/2022,0,40,False_Crawls,Non_Nesting,-3.0689858,126.6176807
6,2022,6/27/2022,23,59,Nesting_Individu,Secure,-3.0690878,126.6183035
6,2022,6/29/2022,1,22,Nesting_Individu,Secure,-3.0719183,126.5657242
6,2022,6/29/2022,6,25,False_Crawls,Non_Nesting,-3.070974,126.573227
6,2022,6/30/2022,5,20,Nest,Secure,-3.0689087,126.6163327
7,2022,7/1/2022,4,19,Nesting_Individu,Secure,-3.072416,126.546244
7,2022,7/1/2022,4,40,False_Crawls,Non_Nesting,-3.0708118,126.5742412
7,2022,7/1/2022,21,31,Nesting_Individu,Secure,-3.0690526,126.6176588
7,2022,7/2/2022,0,40,Nesting_Individu,Secure,-3.0694665,126.6218228
7,2022,7/2/2022,8,35,False_Crawls,Non_Nesting,-3.066517,126.6086148
7,2022,7/2/2022,8,42,Nest,Secure,-3.0659406,126.6071935
7,2022,7/4/2022,22,25,False_Crawls,Non_Nesting,-3.0699073,126.626679
7,2022,7/5/2022,7,26,Nest,Secure,-3.0696266,126.6234031
7,2022,7/6/2022,5,4,Nesting_Individu,Secure,-3.0721839,126.5607144
7,2022,7/6/2022,10,20,False_Crawls,Non_Nesting,-3.0708762,126.5733941
7,2022,7/6/2022,7,20,False_Crawls,Non_Nesting,-3.0709415,126.5728739
7,2022,7/6/2022,20,45,Nest,Secure,-3.0693678,126.6213477
7,2022,7/6/2022,23,10,Nesting_Individu,Secure,-3.0695045,126.6222475
7,2022,7/6/2022,23,35,Nesting_Individu,Secure,-3.0687013,126.6147766
7,2022,7/7/2022,3,27,Nesting_Individu,Secure,-3.0719188,126.5659298
7,2022,7/7/2022,22,30,Nesting_Individu,Secure,-3.069971,126.6267361
7,2022,7/8/2022,23,19,Nesting_Individu,Secure,-3.0691609,126.6190201
7,2022,7/9/2022,7,35,False_Crawls,Non_Nesting,-3.0695715,126.6225549
7,2022,7/9/2022,21,50,False_Crawls,Non_Nesting,-3.0690603,126.6177499
7,2022,7/10/2022,23,12,False_Crawls,Non_Nesting,-3.0705048,126.6332525
7,2022,7/11/2022,21,29,False_Crawls,Non_Nesting,-3.0695889,126.6232255
7,2022,7/11/2022,23,0,False_Crawls,Non_Nesting,-3.0706106,126.6354315
7,2022,7/12/2022,2,30,Nesting_Individu,Secure,-3.0682531,126.6125087
7,2022,7/12/2022,23,9,False_Crawls,Non_Nesting,-3.0705215,126.6339733
7,2022,7/13/2022,1,18,False_Crawls,Non_Nesting,-3.0703624,126.6318229
7,2022,7/13/2022,1,31,Nesting_Individu,Secure,-3.0706371,126.6350625
7,2022,7/13/2022,4,55,Nesting_Individu,Secure,-3.072036,126.5632224
7,2022,7/14/2022,21,23,False_Crawls,Non_Nesting,-3.0695248,126.6225288
7,2022,7/15/2022,9,13,False_Crawls,Non_Nesting,-3.0654825,126.6061685
7,2022,7/15/2022,22,37,Nesting_Individu,Secure,-3.0707313,126.6360371
7,2022,7/16/2022,3,30,Nest,Secure,-3.071217,126.5719043
7,2022,7/16/2022,3,20,Nesting_Individu,Secure,-3.06986,126.6250438
7,2022,7/16/2022,21,25,False_Crawls,Non_Nesting,-3.068232,126.6129535
7,2022,7/16/2022,22,59,False_Crawls,Non_Nesting,-3.0709105,126.5729246
7,2022,7/17/2022,10,43,Nest,Secure,-3.0705136,126.6331532
7,2022,7/17/2022,22,30,False_Crawls,Non_Nesting,-3.0700579,126.6274817
7,2022,7/18/2022,2,28,Nesting_Individu,Secure,-3.0689369,126.6169508
7,2022,7/18/2022,22,40,Nesting_Individu,Secure,-3.0697267,126.624423
7,2022,7/20/2022,23,47,Nesting_Individu,Secure,-3.0695717,126.6233071
7,2022,7/21/2022,1,20,Nesting_Individu,Secure,-3.0695994,126.6221957
7,2022,7/21/2022,3,44,False_Crawls,Non_Nesting,-3.0698068,126.6245183
7,2022,7/22/2022,7,20,False_Crawls,Non_Nesting,-3.0673181,126.6103387
7,2022,7/22/2022,23,40,Nesting_Individu,Secure,-3.0691074,126.6189022
7,2022,7/24/2022,4,15,Nesting_Individu,Secure,-3.0696452,126.623133
7,2022,7/25/2022,22,44,False_Crawls,Non_Nesting,-3.0718914,126.5637928
7,2022,7/27/2022,0,11,False_Crawls,Non_Nesting,-3.0707773,126.5739439
7,2022,7/28/2022,0,45,Nesting_Individu,Secure,-3.0691838,126.6187637
7,2022,7/28/2022,3,39,False_Crawls,Non_Nesting,-3.0694252,126.6211417
7,2022,7/28/2022,7,58,Nest,Secure,-3.0657092,126.6064473
7,2022,7/28/2022,20,40,Nesting_Individu,Secure,-3.0677471,126.6115132
7,2022,7/28/2022,22,42,False_Crawls,Non_Nesting,-3.0710713,126.5719394
7,2022,7/28/2022,23,10,Nest,Secure,-3.0706772,126.6356864
7,2022,7/29/2022,5,10,Nesting_Individu,Secure,-3.0687988,126.6149072
7,2022,7/29/2022,5,55,Nest,Secure,-3.0684533,126.6138188
7,2022,7/30/2022,1,10,Nesting_Individu,Secure,-3.0684655,126.6135936
7,2022,7/30/2022,1,10,False_Crawls,Non_Nesting,-3.0686089,126.6139281
7,2022,7/31/2022,2,34,Nesting_Individu,Secure,-3.0705671,126.6328828
8,2022,8/1/2022,7,50,Nest,Secure,-3.0648996,126.6044289
8,2022,8/2/2022,1,40,Nesting_Individu,Secure,-3.0694057,126.6210809
8,2022,8/2/2022,2,3,Nesting_Individu,Secure,-3.0694541,126.6213591
8,2022,8/4/2022,4,24,Nesting_Individu,Secure,-3.0715943,126.5700874
8,2022,8/4/2022,5,33,False_Crawls,Non_Nesting,-3.070423,126.5780396
8,2022,8/6/2022,0,25,Nesting_Individu,Secure,-3.0691991,126.6189491
8,2022,8/10/2022,3,26,Nesting_Individu,Secure,-3.0699744,126.6260872
8,2022,8/11/2022,23,20,False_Crawls,Non_Nesting,-3.0697371,126.6242811
8,2022,8/12/2022,20,50,Nesting_Individu,Secure,-3.0683587,126.6137061
8,2022,8/12/2022,0,20,Nesting_Individu,Secure,-3.0692861,126.6200532
8,2022,8/13/2022,7,32,False_Crawls,Non_Nesting,-3.0658916,126.6069725
8,2022,8/15/2022,3,10,Nest,Secure,-3.0697722,126.6244307
8,2022,8/17/2022,8,20,Nest,Secure,-3.0691786,126.6194951
8,2022,8/18/2022,23,37,Nesting_Individu,Secure,-3.0692421,126.619056
8,2022,8/22/2022,1,50,False_Crawls,Non_Nesting,-3.0689398,126.6178721
8,2022,8/22/2022,9,2,Nest,Secure,-3.0691523,126.618538
8,2022,8/23/2022,3,29,False_Crawls,Non_Nesting,-3.0697245,126.6244302
8,2022,8/24/2022,0,50,Nesting_Individu,Secure,-3.0690932,126.6174999
8,2022,8/24/2022,1,30,False_Crawls,Non_Nesting,-3.070589,126.575055
8,2022,8/24/2022,4,0,False_Crawls,Non_Nesting,-3.0720377,126.5609209
8,2022,8/25/2022,4,25,Nesting_Individu,Secure,-3.0691006,126.6191249
8,2022,8/25/2022,4,45,Nesting_Individu,Secure,-3.0692088,126.6200343
8,2022,8/26/2022,9,9,Nest,Secure,-3.0658512,126.6067687
8,2022,8/29/2022,22,0,False_Crawls,Non_Nesting,-3.0719191,126.5630431
8,2022,8/30/2022,22,39,False_Crawls,Non_Nesting,-3.0717988,126.56525
9,2022,9/1/2022,0,25,Nesting_Individu,Secure,-3.0719474,126.564991
9,2022,9/1/2022,1,58,Nesting_Individu,Secure,-3.0693877,126.6210301
9,2022,9/3/2022,1,30,Nesting_Individu,Secure,-3.0686199,126.6143116
9,2022,9/12/2022,23,27,False_Crawls,Non_Nesting,-3.0723814,126.5431526
9,2022,9/13/2022,23,44,False_Crawls,Non_Nesting,-3.0680695,126.6121721
9,2022,9/14/2022,3,30,Nest,Secure,-3.0722349,126.548526
9,2022,9/14/2022,23,30,Nesting_Individu,Secure,-3.0694999,126.6226676
9,2022,9/15/2022,0,38,False_Crawls,Non_Nesting,-3.0691779,126.6198255
9,2022,9/24/2022,6,41,False_Crawls,Non_Nesting,-3.0712929,126.5709205
9,2022,9/24/2022,23,49,Nesting_Individu,Secure,-3.0719246,126.564929
9,2022,9/25/2022,2,46,False_Crawls,Non_Nesting,-3.0722832,126.546301
9,2022,9/25/2022,23,37,Nesting_Individu,Secure,-3.0692422,126.6189932
10,2022,10/4/2022,4,18,False_Crawls,Non_Nesting,-3.0717385,126.5695113
10,2022,10/4/2022,12,30,Nesting_Individu,Secure,-3.072026,126.5666205
10,2022,10/12/2022,21,54,Nesting_Individu,Predated,-3.0692296,126.6201641
10,2022,10/14/2022,0,0,False_Crawls,Non_Nesting,-3.0723768,126.5470604
10,2022,10/15/2022,21,14,False_Crawls,Non_Nesting,-3.0720294,126.5657015
10,2022,10/15/2022,22,50,False_Crawls,Non_Nesting,-3.0719532,126.5648233
10,2022,10/15/2022,23,27,False_Crawls,Non_Nesting,-3.0720693,126.5611314
10,2022,10/16/2022,4,6,False_Crawls,Non_Nesting,-3.0720975,126.5606187
10,2022,10/16/2022,22,28,Nesting_Individu,Secure,-3.0719703,126.5661723
10,2022,10/20/2022,7,10,Nest,Secure,-3.0698428,126.6248743
10,2022,10/24/2022,21,45,Nesting_Individu,Secure,-3.0690678,126.6182106
10,2022,10/25/2022,22,15,False_Crawls,Non_Nesting,-3.0714571,126.5704526
10,2022,10/26/2022,4,9,Nesting_Individu,Secure,-3.071972,126.5666829
11,2022,11/3/2022,23,8,False_Crawls,Non_Nesting,-3.0702581,126.6305489
11,2022,11/4/2022,0,33,Nesting_Individu,Secure,-3.0694791,126.6223912
11,2022,11/5/2022,8,51,False_Crawls,Non_Nesting,-3.0707285,126.5733691
11,2022,11/5/2022,9,3,False_Crawls,Non_Nesting,-3.0719129,126.5635485
11,2022,11/5/2022,20,29,Nesting_Individu,Secure,-3.0719121,126.5670668
11,2022,11/13/2022,23,20,Nesting_Individu,Secure,-3.0693255,126.6210091
11,2022,11/16/2022,22,39,Nesting_Individu,Predated,-3.0695302,126.6231146
11,2022,11/21/2022,22,10,False_Crawls,Non_Nesting,-3.0723277,126.5465282
11,2022,11/23/2022,23,21,False_Crawls,Non_Nesting,-3.0692218,126.6202166
11,2022,11/24/2022,22,10,Nesting_Individu,Secure,-3.069381,126.6217497
11,2022,11/26/2022,22,28,Nesting_Individu,Secure,-3.06919,126.6191634
11,2022,11/30/2022,19,30,False_Crawls,Non_Nesting,-3.0718912,126.5647061
11,2022,11/30/2022,21,0,False_Crawls,Non_Nesting,-3.07228,126.5596057
12,2022,12/3/2022,4,37,False_Crawls,Non_Nesting,-3.0723494,126.5535114
12,2022,12/3/2022,7,10,False_Crawls,Non_Nesting,-3.0689741,126.6177354
12,2022,12/4/2022,3,1,Nest,Secure,-3.0694428,126.6217642
12,2022,12/9/2022,22,30,Nesting_Individu,Secure,-3.0703314,126.6312198
12,2022,12/13/2022,1,44,False_Crawls,Non_Nesting,-3.0701499,126.6294978
12,2022,12/13/2022,8,1,False_Crawls,Non_Nesting,-3.065308,126.6052278
12,2022,12/14/2022,0,17,Nesting_Individu,Secure,-3.0695332,126.6220961
12,2022,12/15/2022,1,7,Nest,Secure,-3.0723372,126.5579285
12,2022,12/18/2022,1,39,False_Crawls,Non_Nesting,-3.0690568,126.6180832
12,2022,12/18/2022,22,40,False_Crawls,Non_Nesting,-3.0723136,126.5466142
12,2022,12/19/2022,4,12,Nesting_Individu,Secure,-3.0719685,126.5660466
12,2022,12/22/2022,2,40,False_Crawls,Non_Nesting,-3.0694968,126.6224899
12,2022,12/24/2022,6,30,False_Crawls,Non_Nesting,-3.071165,126.5721598
12,2022,12/24/2022,6,40,False_Crawls,Non_Nesting,-3.0709148,126.5732316
12,2022,12/24/2022,21,22,False_Crawls,Non_Nesting,-3.072357,126.5536181
12,2022,12/24/2022,21,23,False_Crawls,Non_Nesting,-3.0719917,126.5630751
12,2022,12/24/2022,23,10,Nesting_Individu,Secure,-3.0719968,126.5672706
12,2022,12/25/2022,2,37,False_Crawls,Non_Nesting,-3.070572,126.6336524
12,2022,12/25/2022,4,44,False_Crawls,Non_Nesting,-3.0702624,126.6305507
12,2022,12/30/2022,22,40,False_Crawls,Non_Nesting,-3.068872,126.6166556
1,2023,1/2/2023,23,33,False_Crawls,Non_Nesting,-3.0724487,126.5544253
1,2023,1/2/2023,23,51,Nesting_Individu,Predated,-3.0691525,126.6185273
1,2023,1/3/2023,2,20,Nesting_Individu,Secure,-3.0723356,126.5529349
1,2023,1/4/2023,0,23,Nesting_Individu,Secure,-3.0719395,126.5644127
1,2023,1/4/2023,1,30,Nesting_Individu,Secure,-3.0698628,126.6255307
1,2023,1/4/2023,6,5,False_Crawls,Non_Nesting,-3.0689055,126.615303
1,2023,1/5/2023,21,28,False_Crawls,Non_Nesting,-3.0719116,126.5643286
1,2023,1/5/2023,21,30,False_Crawls,Non_Nesting,-3.0723021,126.5555382
1,2023,1/10/2023,0,20,Nesting_Individu,Secure,-3.0719733,126.5649014
1,2023,1/12/2023,0,5,False_Crawls,Non_Nesting,-3.072429,126.5535988
1,2023,1/12/2023,4,13,False_Crawls,Non_Nesting,-3.0707342,126.6377466
1,2023,1/14/2023,1,22,False_Crawls,Non_Nesting,-3.0723748,126.5470394
1,2023,1/14/2023,3,50,False_Crawls,Non_Nesting,-3.0723497,126.5457823
1,2023,1/14/2023,23,45,Nesting_Individu,Secure,-3.071995,126.5664918
1,2023,1/14/2023,23,53,False_Crawls,Non_Nesting,-3.0702398,126.6297872
1,2023,1/15/2023,23,21,False_Crawls,Non_Nesting,-3.0701497,126.6279338
1,2023,1/16/2023,4,40,False_Crawls,Non_Nesting,-3.0722386,126.5502521
1,2023,1/16/2023,23,28,Nesting_Individu,Secure,-3.0721434,126.5597849
1,2023,1/17/2023,22,38,Nesting_Individu,Secure,-3.0722754,126.5494782
1,2023,1/20/2023,2,0,Nesting_Individu,Secure,-3.0719756,126.5649716
1,2023,1/22/2023,21,20,False_Crawls,Non_Nesting,-3.0724168,126.5435701
1,2023,1/25/2023,23,45,Nesting_Individu,Secure,-3.0721013,126.5323153
1,2023,1/26/2023,0,16,Nesting_Individu,Secure,-3.0719983,126.5669381
1,2023,1/26/2023,4,20,Nest,Predated,-3.0722812,126.5491739
1,2023,1/29/2023,23,30,False_Crawls,Non_Nesting,-3.0722222,126.5519171
1,2023,1/30/2023,22,30,False_Crawls,Non_Nesting,-3.0723537,126.553699
2,2023,2/1/2023,21,23,False_Crawls,Non_Nesting,-3.07239,126.5408387
2,2023,2/2/2023,0,37,Nesting_Individu,Secure,-3.0721776,126.5597472
2,2023,2/2/2023,2,50,Nesting_Individu,Secure,-3.069105,126.6182428
2,2023,2/2/2023,3,29,Nesting_Individu,Secure,-3.0723245,126.5459135
2,2023,2/4/2023,23,40,False_Crawls,Non_Nesting,-3.0695979,126.6228941
2,2023,2/5/2023,8,34,False_Crawls,Non_Nesting,-3.0699313,126.5819649
2,2023,2/7/2023,2,21,False_Crawls,Non_Nesting,-3.0719778,126.5619749
2,2023,2/11/2023,7,30,Nest,Secure,-3.0694748,126.5858668
2,2023,2/12/2023,6,5,Nest,Secure,-3.0719307,126.5643265
2,2023,2/15/2023,3,40,False_Crawls,Non_Nesting,-3.0722935,126.5568087
2,2023,2/15/2023,2,21,Nesting_Individu,Secure,-3.0720136,126.5623092
2,2023,2/15/2023,7,30,False_Crawls,Non_Nesting,-3.0667434,126.6088311
2,2023,2/16/2023,2,0,Nesting_Individu,Secure,-3.0686521,126.6148304
2,2023,2/18/2023,7,19,Nest,Secure,-3.0650763,126.604635
2,2023,2/20/2023,11,17,Nesting_Individu,Secure,-3.0687384,126.6149058
2,2023,2/21/2023,1,3,Nesting_Individu,Secure,-3.0719359,126.565895
2,2023,2/21/2023,21,19,Nesting_Individu,Secure,-3.0649361,126.6043306
2,2023,2/24/2023,10,10,False_Crawls,Non_Nesting,-3.0722499,126.5529135
2,2023,2/27/2023,4,50,False_Crawls,Non_Nesting,-3.0721728,126.5591174
3,2023,3/7/2023,23,49,Nesting_Individu,Secure,-3.0708949,126.5736724
3,2023,3/13/2023,4,2,False_Crawls,Non_Nesting,-3.0723791,126.544971
3,2023,3/15/2023,0,8,Nesting_Individu,Secure,-3.0689864,126.6178502
3,2023,3/16/2023,2,9,False_Crawls,Non_Nesting,-3.0723781,126.5531625
3,2023,3/16/2023,22,40,False_Crawls,Non_Nesting,-3.0703815,126.6326515
3,2023,3/17/2023,2,30,Nesting_Individu,Secure,-3.0724278,126.5551957
3,2023,3/17/2023,21,40,False_Crawls,Non_Nesting,-3.0693297,126.6206379
3,2023,3/18/2023,23,9,Nesting_Individu,Secure,-3.0693523,126.62084
3,2023,3/21/2023,3,0,False_Crawls,Non_Nesting,-3.0716008,126.57031
3,2023,3/24/2023,3,0,Nesting_Individu,Secure,-3.0720437,126.5660631
3,2023,3/30/2023,23,51,Nesting_Individu,Secure,-3.0699479,126.6261347
3,2023,3/31/2023,23,54,False_Crawls,Non_Nesting,-3.0697767,126.6252935
4,2023,4/1/2023,0,15,False_Crawls,Non_Nesting,-3.0700317,126.6267134
4,2023,4/1/2023,1,40,False_Crawls,Non_Nesting,-3.0706216,126.6336845
4,2023,4/1/2023,23,40,Nesting_Individu,Secure,-3.0692029,126.6197007
4,2023,4/3/2023,4,30,Nest,Secure,-3.0723479,126.5548864
4,2023,4/3/2023,3,26,False_Crawls,Non_Nesting,-3.0724073,126.5415595
4,2023,4/4/2023,3,11,False_Crawls,Non_Nesting,-3.0708893,126.5733365
4,2023,4/5/2023,23,7,False_Crawls,Non_Nesting,-3.0725078,126.5432045
4,2023,4/8/2023,1,11,False_Crawls,Non_Nesting,-3.0695834,126.6224012
4,2023,4/12/2023,4,42,Nest,Secure,-3.0685275,126.6139599
4,2023,4/13/2023,0,3,False_Crawls,Non_Nesting,-3.0691638,126.6187397
4,2023,4/13/2023,23,6,False_Crawls,Non_Nesting,-3.0699719,126.6268549
4,2023,4/14/2023,1,6,Nest,Secure,-3.06993,126.6260356
4,2023,4/19/2023,22,35,False_Crawls,Non_Nesting,-3.071945,126.5621014
4,2023,4/20/2023,23,14,Nesting_Individu,Secure,-3.0719253,126.5655108
4,2023,4/22/2023,9,19,Nest,Secure,-3.0721144,126.5629244
4,2023,4/24/2023,21,59,False_Crawls,Non_Nesting,-3.069796,126.6242786
4,2023,4/25/2023,23,28,Nesting_Individu,Secure,-3.0686872,126.6143865
4,2023,4/29/2023,21,47,False_Crawls,Non_Nesting,-3.0688963,126.6171467
5,2023,5/2/2023,2,8,Nesting_Individu,Secure,-3.0723999,126.5463645
5,2023,5/6/2023,12,0,Nest,Secure,-3.0722321,126.5581937
5,2023,5/7/2023,5,0,False_Crawls,Non_Nesting,-3.0689615,126.6174113
5,2023,5/7/2023,22,30,Nesting_Individu,Secure,-3.0703859,126.6313287
5,2023,5/10/2023,22,32,False_Crawls,Non_Nesting,-3.0721651,126.5470513
5,2023,5/12/2023,23,42,Nesting_Individu,Secure,-3.072048,126.5625073
5,2023,5/13/2023,1,14,Nesting_Individu,Secure,-3.0720436,126.5624992
5,2023,5/13/2023,5,0,False_Crawls,Non_Nesting,-3.06836,126.6129656
5,2023,5/14/2023,23,17,Nest,Secure,-3.0723983,126.5557351
5,2023,5/14/2023,23,30,False_Crawls,Non_Nesting,-3.0700371,126.6271535
5,2023,5/14/2023,23,54,Nesting_Individu,Predated,-3.071222,126.5712055
5,2023,5/15/2023,1,27,Nesting_Individu,Secure,-3.0713335,126.5707867
5,2023,5/17/2023,1,25,Nesting_Individu,Secure,-3.0693974,126.6208804
5,2023,5/17/2023,2,15,False_Crawls,Non_Nesting,-3.0692053,126.6192072
5,2023,5/18/2023,23,38,False_Crawls,Non_Nesting,-3.070993,126.5728327
5,2023,5/19/2023,10,36,Nest,Secure,-3.072006,126.5669623
5,2023,5/19/2023,22,20,False_Crawls,Non_Nesting,-3.0704416,126.6319153
5,2023,5/20/2023,3,8,Nesting_Individu,Secure,-3.0699706,126.6266663
5,2023,5/20/2023,21,50,False_Crawls,Non_Nesting,-3.069272,126.6192456
5,2023,5/21/2023,0,12,Nest,Secure,-3.0719896,126.5654877
5,2023,5/22/2023,23,10,Nesting_Individu,Secure,-3.0722147,126.5596148
5,2023,5/23/2023,21,44,Nesting_Individu,Secure,-3.0696533,126.6231318
5,2023,5/24/2023,9,20,Nest,Secure,-3.0699014,126.6248505
5,2023,5/25/2023,23,41,False_Crawls,Non_Nesting,-3.0670457,126.6097931
5,2023,5/26/2023,21,50,Nest,Secure,-3.0692735,126.6198934
5,2023,5/28/2023,21,59,Nesting_Individu,Secure,-3.0698831,126.6252877
5,2023,5/28/2023,23,8,Nest,Secure,-3.0722823,126.5574764
5,2023,5/29/2023,0,31,False_Crawls,Non_Nesting,-3.0695503,126.6227003
5,2023,5/29/2023,3,6,Nest,Secure,-3.0720698,126.561324
5,2023,5/29/2023,3,40,Nest,Secure,-3.0722491,126.5586166
5,2023,5/29/2023,3,30,Nest,Secure,-3.0723716,126.54731
5,2023,5/30/2023,1,10,Nesting_Individu,Secure,-3.0721063,126.5614013
5,2023,5/31/2023,2,31,Nesting_Individu,Secure,-3.0698155,126.6251634
5,2023,5/31/2023,22,0,Nesting_Individu,Secure,-3.0692233,126.6193786
5,2023,5/31/2023,21,20,False_Crawls,Non_Nesting,-3.068999,126.6175405
6,2023,6/2/2023,2,53,Nest,Secure,-3.0721787,126.5578549
6,2023,6/3/2023,1,34,False_Crawls,Non_Nesting,-3.0690452,126.6180708
6,2023,6/3/2023,2,8,Nesting_Individu,Secure,-3.0719285,126.5665125
6,2023,6/3/2023,3,3,Nesting_Individu,Secure,-3.0719966,126.5669532
6,2023,6/4/2023,22,32,Nesting_Individu,Secure,-3.0696452,126.6231735
6,2023,6/4/2023,23,45,Nest,Secure,-3.0697807,126.6246088
6,2023,6/5/2023,2,54,Nesting_Individu,Secure,-3.0719313,126.5675223
6,2023,6/5/2023,4,21,Nesting_Individu,Predated,-3.0719066,126.5672581
6,2023,6/6/2023,23,28,Nesting_Individu,Secure,-3.0696486,126.6224147
6,2023,6/6/2023,23,30,Nest,Secure,-3.0720188,126.5621709
6,2023,6/7/2023,23,16,Nesting_Individu,Secure,-3.0703028,126.6293853
6,2023,6/8/2023,22,24,False_Crawls,Non_Nesting,-3.07041,126.6313991
6,2023,6/8/2023,22,50,Nest,Secure,-3.0720361,126.5629927
6,2023,6/8/2023,23,47,Nesting_Individu,Predated,-3.0654225,126.6057297
6,2023,6/9/2023,22,30,False_Crawls,Non_Nesting,-3.0699842,126.6270003
6,2023,6/9/2023,23,37,Nesting_Individu,Secure,-3.0696889,126.6237455
6,2023,6/10/2023,2,27,False_Crawls,Non_Nesting,-3.0692279,126.6201778
6,2023,6/10/2023,3,56,Nesting_Individu,Secure,-3.0690436,126.6173891
6,2023,6/10/2023,4,15,Nesting_Individu,Secure,-3.0688083,126.6155103
6,2023,6/10/2023,5,2,False_Crawls,Non_Nesting,-3.0699411,126.6262137
6,2023,6/10/2023,5,7,False_Crawls,Non_Nesting,-3.0700542,126.6271577
6,2023,6/11/2023,3,22,Nest,Lost,-3.071946,126.5634581
6,2023,6/11/2023,3,40,False_Crawls,Non_Nesting,-3.0696118,126.6230229
6,2023,6/11/2023,22,19,False_Crawls,Non_Nesting,-3.0691278,126.6179796
6,2023,6/11/2023,22,20,Nesting_Individu,Secure,-3.0720338,126.5623576
6,2023,6/12/2023,1,19,Nesting_Individu,Secure,-3.0699251,126.6263196
6,2023,6/12/2023,3,13,Nesting_Individu,Secure,-3.0695543,126.6228562
6,2023,6/12/2023,23,20,False_Crawls,Non_Nesting,-3.070484,126.6326194
6,2023,6/12/2023,23,45,False_Crawls,Non_Nesting,-3.0723357,126.5468942
6,2023,6/13/2023,23,40,Nesting_Individu,Secure,-3.0693003,126.6203433
6,2023,6/16/2023,0,4,Nesting_Individu,Secure,-3.0693485,126.6208184
6,2023,6/16/2023,2,45,Nest,Secure,-3.0720119,126.5637008
6,2023,6/16/2023,23,43,Nest,Secure,-3.0724565,126.5449761
6,2023,6/17/2023,0,10,Nesting_Individu,Secure,-3.0690843,126.6182646
6,2023,6/17/2023,6,19,Nest,Secure,-3.0656331,126.6063829
6,2023,6/17/2023,22,0,Nesting_Individu,Secure,-3.0722543,126.5373894
6,2023,6/19/2023,0,0,Nest,Secure,-3.0723332,126.5561636
6,2023,6/19/2023,0,58,Nesting_Individu,Secure,-3.0693981,126.6214779
6,2023,6/21/2023,23,34,Nesting_Individu,Secure,-3.0724814,126.546957
6,2023,6/22/2023,7,45,Nest,Secure,-3.065655,126.6062901
6,2023,6/22/2023,7,28,Nest,Secure,-3.0655411,126.606094
6,2023,6/22/2023,8,13,Nest,Secure,-3.0646044,126.6035334
6,2023,6/22/2023,21,15,Nesting_Individu,Secure,-3.0702048,126.6288814
6,2023,6/22/2023,23,15,Nesting_Individu,Secure,-3.0705308,126.6337152
6,2023,6/23/2023,23,8,Nesting_Individu,Secure,-3.0684581,126.6139005
6,2023,6/23/2023,23,45,False_Crawls,Non_Nesting,-3.0668149,126.6093494
6,2023,6/25/2023,1,55,Nesting_Individu,Secure,-3.0692441,126.6205019
6,2023,6/25/2023,3,40,Nesting_Individu,Secure,-3.0699336,126.6254003
6,2023,6/25/2023,20,16,False_Crawls,Non_Nesting,-3.0702003,126.6287433
6,2023,6/25/2023,22,1,Nesting_Individu,Secure,-3.0695949,126.6229597
6,2023,6/26/2023,0,3,False_Crawls,Non_Nesting,-3.0706305,126.6367553
6,2023,6/26/2023,0,6,False_Crawls,Non_Nesting,-3.0700119,126.6283164
6,2023,6/26/2023,2,29,False_Crawls,Non_Nesting,-3.0720023,126.5618562
6,2023,6/26/2023,8,31,Nest,Secure,-3.0683853,126.5893863
6,2023,6/27/2023,1,51,False_Crawls,Non_Nesting,-3.0719877,126.5629722
6,2023,6/27/2023,3,15,Nesting_Individu,Secure,-3.0719606,126.5641343
6,2023,6/27/2023,4,23,Nest,Secure,-3.0720175,126.563266
6,2023,6/27/2023,5,43,False_Crawls,Non_Nesting,-3.071311,126.5716285
6,2023,6/28/2023,1,39,Nesting_Individu,Secure,-3.070334,126.6302211
6,2023,6/29/2023,1,31,False_Crawls,Non_Nesting,-3.07103,126.5729238
6,2023,6/29/2023,2,58,Nesting_Individu,Secure,-3.0706353,126.5745158
6,2023,6/29/2023,4,40,Nesting_Individu,Secure,-3.0704097,126.5760872
6,2023,6/29/2023,8,15,Nest,Secure,-3.069572,126.585333
6,2023,6/30/2023,0,10,Nesting_Individu,Secure,-3.0719277,126.5627925
6,2023,6/30/2023,1,12,Nesting_Individu,Secure,-3.0705056,126.6337189
6,2023,6/30/2023,1,50,False_Crawls,Non_Nesting,-3.0690677,126.6187905
6,2023,6/30/2023,3,7,False_Crawls,Non_Nesting,-3.0697344,126.6249337
6,2023,6/30/2023,3,17,Nest,Secure,-3.0719618,126.5648648
6,2023,6/30/2023,4,26,False_Crawls,Non_Nesting,-3.0702603,126.6296785
6,2023,6/30/2023,7,20,False_Crawls,Non_Nesting,-3.0649231,126.6043526
6,2023,6/30/2023,22,15,False_Crawls,Non_Nesting,-3.0716402,126.5698919
7,2023,7/2/2023,3,14,Nesting_Individu,Secure,-3.0692916,126.6194806
7,2023,7/3/2023,3,5,False_Crawls,Non_Nesting,-3.0702946,126.577507
7,2023,7/3/2023,21,38,False_Crawls,Non_Nesting,-3.0692665,126.6204914
7,2023,7/4/2023,0,30,Nesting_Individu,Secure,-3.066156,126.6076657
7,2023,7/4/2023,1,26,False_Crawls,Non_Nesting,-3.0670801,126.6096783
7,2023,7/4/2023,1,47,Nesting_Individu,Secure,-3.0719725,126.5652839
7,2023,7/4/2023,2,45,Nesting_Individu,Secure,-3.0688456,126.6154905
7,2023,7/4/2023,3,38,False_Crawls,Non_Nesting,-3.070387,126.6304286
7,2023,7/4/2023,4,0,Nesting_Individu,Secure,-3.0691745,126.6181019
7,2023,7/4/2023,21,18,Nesting_Individu,Secure,-3.0689524,126.6175137
7,2023,7/4/2023,21,57,False_Crawls,Non_Nesting,-3.070202,126.5767494
7,2023,7/4/2023,23,40,Nesting_Individu,Secure,-3.0700232,126.6278755
7,2023,7/5/2023,1,8,Nesting_Individu,Secure,-3.0699665,126.6269953
7,2023,7/5/2023,2,57,Nesting_Individu,Secure,-3.0696612,126.6236075
7,2023,7/5/2023,22,20,False_Crawls,Non_Nesting,-3.0690183,126.6176334
7,2023,7/6/2023,21,30,Nesting_Individu,Secure,-3.0689112,126.6169416
7,2023,7/6/2023,22,40,Nesting_Individu,Secure,-3.0695695,126.6222475
7,2023,7/7/2023,22,39,Nesting_Individu,Secure,-3.0721023,126.5622739
7,2023,7/7/2023,23,14,Nesting_Individu,Secure,-3.068763,126.6165242
7,2023,7/7/2023,23,44,Nest,Secure,-3.0723089,126.5557024
7,2023,7/8/2023,22,16,Nesting_Individu,Secure,-3.0701318,126.6281836
7,2023,7/9/2023,8,16,Nest,Secure,-3.0655956,126.6061646
7,2023,7/10/2023,4,8,False_Crawls,Non_Nesting,-3.0715912,126.5700727
7,2023,7/10/2023,4,20,False_Crawls,Non_Nesting,-3.0710044,126.5726249
7,2023,7/10/2023,22,52,False_Crawls,Non_Nesting,-3.0718842,126.5639792
7,2023,7/11/2023,0,31,Nesting_Individu,Secure,-3.0691437,126.619005
7,2023,7/11/2023,1,4,Nesting_Individu,Secure,-3.06926,126.6190608
7,2023,7/11/2023,23,11,Nest,Secure,-3.071894,126.5644033
7,2023,7/12/2023,3,10,Nesting_Individu,Secure,-3.0724442,126.5445947
7,2023,7/12/2023,8,26,False_Crawls,Non_Nesting,-3.0709147,126.5729668
7,2023,7/13/2023,0,10,Nesting_Individu,Secure,-3.0703638,126.6304425
7,2023,7/13/2023,3,41,Nesting_Individu,Secure,-3.0689702,126.6167215
7,2023,7/13/2023,23,40,False_Crawls,Non_Nesting,-3.0689563,126.6175441
7,2023,7/14/2023,1,15,Nesting_Individu,Secure,-3.0703141,126.6306744
7,2023,7/14/2023,23,46,Nesting_Individu,Secure,-3.0723648,126.5542323
7,2023,7/15/2023,2,30,False_Crawls,Non_Nesting,-3.0702167,126.6291568
7,2023,7/15/2023,4,20,Nesting_Individu,Secure,-3.0719929,126.5634172
7,2023,7/15/2023,10,9,False_Crawls,Non_Nesting,-3.0717143,126.57682
7,2023,7/16/2023,1,27,Nesting_Individu,Secure,-3.0699221,126.6263766
7,2023,7/16/2023,4,10,Nest,Secure,-3.0697194,126.6237236
7,2023,7/16/2023,4,45,Nesting_Individu,Secure,126.6237236,126.6131402
7,2023,7/17/2023,16,36,Nesting_Individu,Secure,-3.0695295,126.6220961
7,2023,7/18/2023,0,50,Nesting_Individu,Secure,-3.0695418,126.6224909
7,2023,7/18/2023,2,38,Nesting_Individu,Secure,-3.0691402,126.6180171
7,2023,7/18/2023,6,54,False_Crawls,Non_Nesting,-3.0655542,126.6061696
7,2023,7/20/2023,3,50,False_Crawls,Non_Nesting,-3.0719282,126.565017
7,2023,7/21/2023,2,29,Nesting_Individu,Secure,-3.0719706,126.5662595
7,2023,7/21/2023,4,15,Nesting_Individu,Secure,-3.0688155,126.6159303
7,2023,7/21/2023,5,4,False_Crawls,Non_Nesting,-3.0718305,126.5665079
7,2023,7/21/2023,22,55,Nesting_Individu,Secure,-3.070546,126.6347185
7,2023,7/22/2023,0,37,Nesting_Individu,Secure,-3.0718516,126.5650238
7,2023,7/23/2023,1,30,Nesting_Individu,Secure,-3.0719548,126.5664136
7,2023,7/23/2023,1,10,Nesting_Individu,Secure,-3.0694521,126.6213707
7,2023,7/23/2023,2,4,False_Crawls,Non_Nesting,-3.0701958,126.6286556
7,2023,7/23/2023,3,20,Nesting_Individu,Secure,-3.0692647,126.6189483
7,2023,7/24/2023,1,16,Nesting_Individu,Secure,-3.0695091,126.6218064
7,2023,7/25/2023,21,50,Nesting_Individu,Secure,-3.0695887,126.6236641
7,2023,7/26/2023,3,0,False_Crawls,Non_Nesting,-3.0724537,126.5450248
7,2023,7/26/2023,22,50,Nesting_Individu,Secure,-3.0694457,126.6212607
7,2023,7/27/2023,7,52,Nesting_Individu,Secure,-3.065759,126.6066004
7,2023,7/27/2023,8,10,False_Crawls,Non_Nesting,-3.0645427,126.6031647
7,2023,7/27/2023,14,32,Nesting_Individu,Secure,-3.0698715,126.6251824
7,2023,7/27/2023,23,27,Nest,Secure,-3.0722878,126.5573757
7,2023,7/28/2023,1,7,Nesting_Individu,Secure,-3.0697799,126.6247964
7,2023,7/29/2023,18,9,Nesting_Individu,Secure,-3.0708647,126.5733062
7,2023,7/31/2023,18,20,Nesting_Individu,Secure,-3.0694463,126.6210046
8,2023,8/1/2023,1,34,Nesting_Individu,Secure,-3.0694193,126.621745
8,2023,8/1/2023,7,30,Nest,Secure,-3.0652089,126.6052249
8,2023,8/1/2023,23,15,Nesting_Individu,Secure,-3.0720277,126.5626261
8,2023,8/4/2023,2,27,Nesting_Individu,Secure,-3.0723219,126.5478975
8,2023,8/5/2023,22,40,Nesting_Individu,Secure,-3.0691943,126.6185335
8,2023,8/6/2023,4,20,Nesting_Individu,Secure,-3.0692822,126.6203593
8,2023,8/6/2023,15,4,Nest,Secure,-3.065886,126.6070491
8,2023,8/6/2023,22,22,False_Crawls,Non_Nesting,-3.0707432,126.5737965
8,2023,8/7/2023,21,40,False_Crawls,Non_Nesting,-3.0705548,126.6341332
8,2023,8/8/2023,22,9,Nesting_Individu,Secure,-3.0683148,126.6127849
8,2023,8/10/2023,12,30,Nesting_Individu,Secure,-3.0691311,126.6180755
8,2023,8/10/2023,1,16,False_Crawls,Non_Nesting,-3.0697439,126.6244292
8,2023,8/11/2023,4,30,False_Crawls,Non_Nesting,-3.0690743,126.6179633
8,2023,8/11/2023,5,25,Nest,Secure,-3.0719743,126.5664365
8,2023,8/13/2023,22,50,False_Crawls,Non_Nesting,-3.0722331,126.5466839
8,2023,8/15/2023,2,20,Nest,Secure,-3.068066,126.6120055
8,2023,8/15/2023,23,41,Nest,Secure,-3.070248,126.6287963
8,2023,8/16/2023,7,59,Nest,Secure,-3.06421,126.6022737
8,2023,8/17/2023,6,30,False_Crawls,Non_Nesting,-3.0689207,126.5875446
8,2023,8/19/2023,23,25,False_Crawls,Non_Nesting,-3.0698289,126.6248917
8,2023,8/20/2023,21,15,Nesting_Individu,Secure,-3.0719475,126.5653432
8,2023,8/23/2023,22,14,Nesting_Individu,Secure,-3.0697183,126.6240967
8,2023,8/24/2023,4,20,Nesting_Individu,Secure,-3.0696805,126.6244047
8,2023,8/25/2023,6,43,Nest,Secure,-3.0653818,126.6055757
8,2023,8/25/2023,3,20,Nest,Secure,-3.0698104,126.6259425
8,2023,8/26/2023,4,30,Nesting_Individu,Secure,-3.0687473,126.6161126
8,2023,8/29/2023,23,0,Nesting_Individu,Secure,-3.0697231,126.6235804
8,2023,8/30/2023,2,0,False_Crawls,Non_Nesting,-3.0724482,126.543149
8,2023,8/31/2023,21,0,Nesting_Individu,Secure,-3.071931,126.5649374
9,2023,9/4/2023,21,32,False_Crawls,Non_Nesting,-3.0688958,126.6155072
9,2023,9/11/2023,22,21,Nest,Secure,-3.069097,126.618511
9,2023,9/12/2023,22,13,Nesting_Individu,Secure,-3.065062,126.6049898
9,2023,9/18/2023,22,10,Nesting_Individu,Secure,-3.069217,126.6192913
